{"stats":{"minecraft:used":{"minecraft:trident":23,"minecraft:spruce_planks":2,"minecraft:iron_sword":177,"minecraft:dirt":4,"minecraft:spruce_fence":1,"minecraft:iron_axe":164,"minecraft:oak_stairs":2,"atmospheric:rosewood_planks":6,"minecraft:iron_helmet":1,"byg:ebony_crafting_table":2,"minecraft:iron_boots":2,"minecraft:golden_carrot":19,"minecraft:birch_planks":4,"minecraft:stone_pickaxe":3,"minecraft:wooden_pickaxe":3,"minecraft:crafting_table":3,"minecraft:iron_pickaxe":10,"minecraft:stone_axe":1,"byg:ebony_sapling":2},"minecraft:mined":{"minecraft:dark_oak_planks":1,"minecraft:spruce_planks":7,"minecraft:jungle_leaves":2,"minecraft:grass_block":4,"minecraft:spruce_fence":1,"minecraft:carrots":16,"minecraft:fire":6,"minecraft:bookshelf":10,"minecraft:potatoes":2,"minecraft:oak_stairs":2,"minecraft:stone":6,"minecraft:smoker":1,"minecraft:crafting_table":2,"minecraft:emerald_ore":4,"atmospheric:rosewood_leaves":3,"minecraft:cyan_bed":1,"minecraft:lily_pad":1,"minecraft:birch_planks":4,"byg:ebony_log":132,"minecraft:oak_log":3,"structure_gel:dynamic_spawner":1,"minecraft:cobweb":5,"atmospheric:rosewood_log":6},"minecraft:killed":{"minecraft:spider":9,"enemyexpansion:equestrian":1,"enemyexpansion:direwolf":1,"minecraft:skeleton":10,"majruszsdifficulty:creeperling":1,"minecraft:silverfish":49,"minecraft:creeper":4,"royalvariations:royal_zombie":1,"minecraft:zombie":23,"undead_unleashed:shadewraith":1,"enemyexpansion:botfly":2,"enemyexpansion:wasp":1},"minecraft:picked_up":{"minecraft:crafting_table":2,"minecraft:wheat":1,"minecraft:ladder":2,"aether:iron_gloves":1,"minecraft:oak_stairs":2,"minecraft:string":21,"minecraft:smooth_stone_slab":2,"minecraft:spruce_planks":29,"minecraft:spruce_slab":6,"minecraft:iron_boots":1,"knightlib:small_essence":5,"apotheosis:gem":2,"forbidden_arcanus:tentacle":1,"minecraft:spruce_fence":1,"minecraft:spruce_stairs":3,"alexsmobs:fedora":1,"byg:ebony_sapling":6,"minecraft:carrot":49,"majruszsaccessories:adventurer_kit":1,"atmospheric:rosewood_log":3,"minecraft:dark_oak_planks":1,"minecraft:stone_sword":1,"minecraft:arrow":10,"minecraft:rotten_flesh":31,"minecraft:gold_ingot":2,"supplementaries:ash":16,"forbidden_arcanus:spawner_scrap":1,"minecraft:cobblestone":6,"minecraft:leather_chestplate":1,"minecraft:birch_slab":2,"minecraft:smoker":1,"minecraft:potato":16,"minecraft:birch_planks":5,"alexsmobs:cachalot_whale_tooth":2,"minecraft:oak_log":9,"minecraft:gunpowder":12,"minecraft:wither_skeleton_skull":2,"minecraft:dirt":4,"minecraft:bone":7,"byg:ebony_log":44,"minecraft:wheat_seeds":2,"minecraft:stone_pickaxe":2,"apotheosis:mythic_material":2,"apotheosis:gem_dust":3,"minecraft:iron_sword":1,"minecraft:book":30,"minecraft:birch_stairs":2,"minecraft:stripped_spruce_log":4,"undead_unleashed:grave_metal_scrap":17,"minecraft:cyan_bed":1,"minecraft:barrel":1,"minecraft:spider_eye":4,"immersive_armors:warrior_helmet":1,"minecraft:emerald":4,"cisco_mod:brightsteel_ingot":1,"minecraft:stripped_dark_oak_log":1,"minecraft:coal":5,"iter_rpg:spawner_fragment":1},"minecraft:crafted":{"minecraft:golden_carrot":31,"minecraft:oak_planks":12,"minecraft:stone_pickaxe":1,"atmospheric:rosewood_planks":12,"minecraft:crafting_table":1,"minecraft:wooden_pickaxe":1,"minecraft:stone_axe":1,"minecraft:gold_nugget":279,"byg:ebony_crafting_table":2,"minecraft:stick":4,"byg:ebony_planks":176,"skilltree:simple_necklace":5},"minecraft:killed_by":{"minecraft:iron_golem":1,"whisperwoods:zotzpyre":1,"enemyexpansion:goblin":1,"enemyexpansion:huntsman":1,"minecraft:silverfish":2,"minecraft:skeleton":2,"minecraft:zombie":4,"minecraft:vex":1},"minecraft:dropped":{"byg:biomepedia":1,"minecraft:iron_sword":1,"minecraft:stripped_spruce_log":4,"knightlib:small_essence":4,"minecraft:birch_planks":1,"minecraft:wheat_seeds":2,"minecraft:oak_log":3,"immersive_armors:warrior_helmet":1,"majruszsaccessories:adventurer_kit":1,"forbidden_arcanus:tentacle":1,"minecraft:iron_helmet":1,"minecraft:leather":2,"undead_unleashed:grave_metal_scrap":15,"minecraft:spruce_stairs":3,"minecraft:birch_slab":1,"minecraft:coal":5,"ars_nouveau:worn_notebook":1,"minecraft:golden_carrot":3,"minecraft:string":5,"minecraft:birch_stairs":2,"minecraft:bone":7,"byg:ebony_sapling":4,"minecraft:smooth_stone_slab":2,"minecraft:rotten_flesh":31,"minecraft:wither_skeleton_skull":2,"minecraft:smoker":1,"alexsmobs:cachalot_whale_tooth":2,"patchouli:guide_book":3,"enigmaticlegacy:cursed_ring":1,"atmospheric:rosewood_planks":6,"supplementaries:ash":2,"minecraft:potato":15,"minecraft:gunpowder":10,"minecraft:spruce_planks":23,"apotheosis:gem":1,"minecraft:ladder":1,"minecraft:barrel":1,"minecraft:spider_eye":3,"minecraft:spruce_slab":3,"minecraft:arrow":10,"minecraft:stone_pickaxe":2,"minecraft:wooden_pickaxe":1,"enigmaticlegacy:enigmatic_amulet":1,"skilltree:simple_necklace":5},"minecraft:custom":{"minecraft:interact_with_smithing_table":1,"enigmaticlegacy:play_time_with_seven_curses":0,"lootr:looted_stat":51,"minecraft:mob_kills":106,"minecraft:interact_with_crafting_table":7,"minecraft:bell_ring":1,"minecraft:damage_dealt_resisted":0,"minecraft:time_since_death":531,"minecraft:climb_one_cm":15748,"minecraft:damage_resisted":0,"minecraft:sprint_one_cm":265742,"minecraft:walk_one_cm":183798,"minecraft:drop":87,"minecraft:damage_dealt_absorbed":119,"minecraft:talked_to_villager":6,"minecraft:play_time":65590,"minecraft:deaths":15,"minecraft:sneak_time":1734,"minecraft:walk_under_water_one_cm":10311,"minecraft:jump":1067,"minecraft:interact_with_blast_furnace":1,"minecraft:walk_on_water_one_cm":18864,"minecraft:total_world_time":65590,"enigmaticlegacy:play_time_without_seven_curses":65066,"minecraft:tune_noteblock":1,"minecraft:interact_with_cartography_table":2,"minecraft:sleep_in_bed":1,"minecraft:time_since_rest":560,"minecraft:waystone_activated":1,"minecraft:damage_taken":12887,"minecraft:damage_dealt":14273,"minecraft:swim_one_cm":59338,"minecraft:fly_one_cm":239439,"minecraft:open_chest":3,"minecraft:crouch_one_cm":4369,"minecraft:fall_one_cm":64895}},"DataVersion":3120}