{"stats":{"minecraft:used":{"minecraft:iron_axe":18,"minecraft:oak_stairs":2,"minecraft:stone_pickaxe":3,"minecraft:iron_pickaxe":5,"minecraft:wooden_pickaxe":3,"minecraft:iron_boots":1,"minecraft:stone_axe":1,"minecraft:golden_carrot":4,"minecraft:crafting_table":3,"minecraft:spruce_fence":1},"minecraft:mined":{"minecraft:spruce_planks":4,"minecraft:carrots":16,"minecraft:smoker":1,"minecraft:crafting_table":2,"minecraft:spruce_fence":1,"minecraft:emerald_ore":4,"minecraft:bookshelf":10,"minecraft:potatoes":2,"minecraft:oak_log":3,"minecraft:oak_stairs":2,"minecraft:cyan_bed":1,"minecraft:stone":6},"minecraft:picked_up":{"minecraft:crafting_table":2,"minecraft:wheat":1,"minecraft:spruce_fence":1,"minecraft:smoker":1,"minecraft:oak_stairs":2,"minecraft:potato":13,"minecraft:oak_log":3,"minecraft:carrot":49,"minecraft:cyan_bed":1,"minecraft:stone_sword":1,"minecraft:wheat_seeds":2,"minecraft:spruce_planks":4,"minecraft:stone_pickaxe":1,"minecraft:emerald":4,"minecraft:cobblestone":6,"minecraft:book":30},"minecraft:crafted":{"minecraft:golden_carrot":7,"minecraft:oak_planks":12,"minecraft:gold_nugget":63,"minecraft:crafting_table":1,"minecraft:stick":4,"minecraft:wooden_pickaxe":1,"minecraft:stone_pickaxe":1,"minecraft:stone_axe":1},"minecraft:killed_by":{"minecraft:zombie":1},"minecraft:dropped":{"byg:biomepedia":1,"minecraft:potato":13,"ars_nouveau:worn_notebook":1,"minecraft:wheat_seeds":2,"minecraft:stone_pickaxe":1,"minecraft:wooden_pickaxe":1,"enigmaticlegacy:enigmatic_amulet":1,"patchouli:guide_book":3,"enigmaticlegacy:cursed_ring":1},"minecraft:custom":{"minecraft:interact_with_smithing_table":1,"minecraft:time_since_rest":11975,"enigmaticlegacy:play_time_with_seven_curses":0,"lootr:looted_stat":13,"minecraft:sprint_one_cm":78511,"minecraft:damage_taken":473,"minecraft:walk_one_cm":39916,"minecraft:drop":19,"enigmaticlegacy:play_time_without_seven_curses":17541,"minecraft:tune_noteblock":1,"minecraft:talked_to_villager":4,"minecraft:interact_with_cartography_table":2,"minecraft:swim_one_cm":3867,"minecraft:interact_with_crafting_table":4,"minecraft:fly_one_cm":90248,"minecraft:crouch_one_cm":313,"minecraft:play_time":17590,"minecraft:deaths":1,"minecraft:bell_ring":1,"minecraft:sneak_time":168,"minecraft:walk_under_water_one_cm":553,"minecraft:jump":336,"minecraft:interact_with_blast_furnace":1,"minecraft:walk_on_water_one_cm":1963,"minecraft:time_since_death":11926,"minecraft:total_world_time":17590,"minecraft:climb_one_cm":722,"minecraft:damage_resisted":0,"minecraft:fall_one_cm":10648}},"DataVersion":3120}