{"stats":{"minecraft:used":{"minecraft:stone_axe":1,"minecraft:crafting_table":2,"minecraft:stone_pickaxe":3,"minecraft:wooden_pickaxe":3},"minecraft:mined":{"minecraft:oak_log":3,"minecraft:stone":6,"minecraft:crafting_table":2},"minecraft:picked_up":{"minecraft:crafting_table":2,"minecraft:stone_pickaxe":1,"minecraft:oak_log":3,"minecraft:cobblestone":6},"minecraft:crafted":{"minecraft:oak_planks":12,"minecraft:stone_axe":1,"minecraft:stick":4,"minecraft:wooden_pickaxe":1,"minecraft:stone_pickaxe":1},"minecraft:dropped":{"byg:biomepedia":1,"ars_nouveau:worn_notebook":1,"minecraft:stone_pickaxe":1,"minecraft:wooden_pickaxe":1,"enigmaticlegacy:enigmatic_amulet":1,"patchouli:guide_book":3,"enigmaticlegacy:cursed_ring":1},"minecraft:custom":{"minecraft:damage_taken":249,"minecraft:time_since_rest":5590,"enigmaticlegacy:play_time_with_seven_curses":0,"minecraft:crouch_one_cm":118,"lootr:looted_stat":1,"minecraft:play_time":5590,"minecraft:sprint_one_cm":11177,"minecraft:walk_one_cm":9997,"minecraft:sneak_time":101,"minecraft:walk_under_water_one_cm":204,"minecraft:drop":9,"minecraft:jump":74,"minecraft:time_since_death":5590,"minecraft:walk_on_water_one_cm":713,"minecraft:damage_resisted":0,"minecraft:climb_one_cm":722,"enigmaticlegacy:play_time_without_seven_curses":5590,"minecraft:total_world_time":5590,"minecraft:swim_one_cm":2668,"minecraft:fall_one_cm":2801,"minecraft:interact_with_crafting_table":3,"minecraft:fly_one_cm":20462}},"DataVersion":3120}