{"stats":{"minecraft:used":{"minecraft:trident":23,"minecraft:birch_planks":4,"minecraft:stone_pickaxe":3,"minecraft:spruce_planks":2,"minecraft:wooden_pickaxe":3,"minecraft:iron_sword":135,"minecraft:crafting_table":3,"minecraft:spruce_fence":1,"minecraft:oak_stairs":2,"minecraft:iron_axe":164,"atmospheric:rosewood_planks":6,"minecraft:iron_pickaxe":9,"minecraft:iron_helmet":1,"byg:ebony_crafting_table":2,"minecraft:iron_boots":2,"byg:ebony_sapling":2,"minecraft:stone_axe":1,"minecraft:golden_carrot":17},"minecraft:mined":{"minecraft:dark_oak_planks":1,"minecraft:spruce_planks":7,"minecraft:smoker":1,"minecraft:crafting_table":2,"minecraft:emerald_ore":4,"minecraft:spruce_fence":1,"atmospheric:rosewood_leaves":3,"minecraft:cyan_bed":1,"minecraft:lily_pad":1,"minecraft:birch_planks":4,"minecraft:carrots":16,"minecraft:fire":6,"byg:ebony_log":132,"minecraft:bookshelf":10,"minecraft:potatoes":2,"minecraft:oak_log":3,"minecraft:oak_stairs":2,"minecraft:cobweb":2,"atmospheric:rosewood_log":6,"minecraft:stone":6},"minecraft:killed":{"enemyexpansion:equestrian":1,"minecraft:spider":6,"enemyexpansion:direwolf":1,"minecraft:creeper":4,"royalvariations:royal_zombie":1,"minecraft:skeleton":10,"undead_unleashed:shadewraith":1,"minecraft:zombie":19,"enemyexpansion:botfly":2,"majruszsdifficulty:creeperling":1,"minecraft:silverfish":49,"enemyexpansion:wasp":1},"minecraft:picked_up":{"minecraft:leather_chestplate":1,"minecraft:crafting_table":2,"minecraft:wheat":1,"minecraft:ladder":1,"minecraft:birch_slab":2,"aether:iron_gloves":1,"minecraft:smoker":1,"minecraft:potato":15,"minecraft:oak_stairs":2,"minecraft:birch_planks":5,"minecraft:oak_log":9,"minecraft:gunpowder":12,"minecraft:wither_skeleton_skull":2,"minecraft:string":9,"minecraft:smooth_stone_slab":2,"minecraft:bone":7,"byg:ebony_log":44,"minecraft:wheat_seeds":2,"minecraft:spruce_planks":7,"minecraft:stone_pickaxe":2,"apotheosis:gem_dust":3,"apotheosis:mythic_material":2,"minecraft:spruce_slab":6,"minecraft:iron_sword":1,"minecraft:iron_boots":1,"knightlib:small_essence":4,"minecraft:book":30,"apotheosis:gem":2,"alexsmobs:fedora":1,"byg:ebony_sapling":6,"minecraft:spruce_stairs":2,"minecraft:spruce_fence":1,"minecraft:birch_stairs":2,"undead_unleashed:grave_metal_scrap":17,"minecraft:carrot":49,"minecraft:cyan_bed":1,"atmospheric:rosewood_log":3,"minecraft:spider_eye":1,"minecraft:barrel":1,"immersive_armors:warrior_helmet":1,"minecraft:dark_oak_planks":1,"minecraft:stone_sword":1,"minecraft:arrow":10,"minecraft:rotten_flesh":31,"minecraft:gold_ingot":2,"minecraft:emerald":4,"supplementaries:ash":16,"minecraft:stripped_dark_oak_log":1,"cisco_mod:brightsteel_ingot":1,"minecraft:cobblestone":6},"minecraft:crafted":{"minecraft:golden_carrot":31,"minecraft:oak_planks":12,"minecraft:crafting_table":1,"minecraft:wooden_pickaxe":1,"minecraft:stone_axe":1,"byg:ebony_crafting_table":2,"minecraft:gold_nugget":279,"minecraft:stick":4,"minecraft:stone_pickaxe":1,"byg:ebony_planks":176,"skilltree:simple_necklace":5,"atmospheric:rosewood_planks":12},"minecraft:killed_by":{"minecraft:silverfish":2,"minecraft:skeleton":2,"minecraft:zombie":1},"minecraft:dropped":{"byg:biomepedia":1,"minecraft:iron_sword":1,"knightlib:small_essence":4,"minecraft:birch_planks":1,"minecraft:wheat_seeds":2,"minecraft:oak_log":3,"byg:ebony_sapling":4,"immersive_armors:warrior_helmet":1,"minecraft:smooth_stone_slab":2,"minecraft:iron_helmet":1,"minecraft:rotten_flesh":31,"minecraft:wither_skeleton_skull":2,"minecraft:smoker":1,"minecraft:leather":2,"undead_unleashed:grave_metal_scrap":15,"minecraft:spruce_stairs":2,"minecraft:birch_slab":1,"patchouli:guide_book":3,"enigmaticlegacy:cursed_ring":1,"atmospheric:rosewood_planks":6,"supplementaries:ash":2,"ars_nouveau:worn_notebook":1,"minecraft:potato":15,"minecraft:gunpowder":10,"minecraft:spruce_planks":1,"apotheosis:gem":1,"minecraft:spider_eye":1,"minecraft:barrel":1,"minecraft:spruce_slab":3,"minecraft:arrow":10,"minecraft:stone_pickaxe":2,"minecraft:wooden_pickaxe":1,"minecraft:string":5,"skilltree:simple_necklace":5,"enigmaticlegacy:enigmatic_amulet":1,"minecraft:birch_stairs":2,"minecraft:bone":7},"minecraft:custom":{"minecraft:interact_with_smithing_table":1,"enigmaticlegacy:play_time_with_seven_curses":0,"lootr:looted_stat":40,"minecraft:mob_kills":99,"enigmaticlegacy:play_time_without_seven_curses":53343,"minecraft:interact_with_crafting_table":7,"minecraft:interact_with_cartography_table":2,"minecraft:tune_noteblock":1,"minecraft:bell_ring":1,"minecraft:damage_dealt_resisted":0,"minecraft:time_since_death":25866,"minecraft:climb_one_cm":11793,"minecraft:damage_resisted":0,"minecraft:time_since_rest":25898,"minecraft:waystone_activated":1,"minecraft:walk_one_cm":155714,"minecraft:sprint_one_cm":200133,"minecraft:damage_taken":8675,"minecraft:drop":73,"minecraft:damage_dealt":11098,"minecraft:open_chest":3,"minecraft:swim_one_cm":55438,"minecraft:talked_to_villager":6,"minecraft:fly_one_cm":184654,"minecraft:crouch_one_cm":3783,"minecraft:play_time":53590,"minecraft:deaths":7,"minecraft:sneak_time":1615,"minecraft:walk_under_water_one_cm":9541,"minecraft:jump":813,"minecraft:interact_with_blast_furnace":1,"minecraft:walk_on_water_one_cm":18334,"minecraft:total_world_time":53590,"minecraft:fall_one_cm":56940}},"DataVersion":3120}