{"stats":{"minecraft:used":{"minecraft:stone_pickaxe":3,"minecraft:wooden_pickaxe":3,"minecraft:iron_sword":43,"minecraft:crafting_table":3,"minecraft:spruce_fence":1,"minecraft:oak_stairs":2,"minecraft:iron_axe":30,"atmospheric:rosewood_planks":6,"minecraft:iron_pickaxe":5,"minecraft:iron_helmet":1,"minecraft:iron_boots":2,"minecraft:stone_axe":1,"minecraft:golden_carrot":5},"minecraft:mined":{"minecraft:dark_oak_planks":1,"minecraft:spruce_planks":7,"minecraft:smoker":1,"minecraft:crafting_table":2,"minecraft:emerald_ore":4,"minecraft:spruce_fence":1,"atmospheric:rosewood_leaves":3,"minecraft:cyan_bed":1,"minecraft:lily_pad":1,"minecraft:birch_planks":2,"minecraft:carrots":16,"minecraft:fire":2,"minecraft:bookshelf":10,"minecraft:potatoes":2,"minecraft:oak_log":3,"minecraft:oak_stairs":2,"minecraft:cobweb":2,"atmospheric:rosewood_log":6,"minecraft:stone":6},"minecraft:killed":{"minecraft:creeper":2,"minecraft:silverfish":48},"minecraft:picked_up":{"minecraft:leather_chestplate":1,"minecraft:crafting_table":2,"minecraft:wheat":1,"minecraft:ladder":1,"minecraft:birch_slab":2,"aether:iron_gloves":1,"minecraft:smoker":1,"minecraft:potato":15,"minecraft:oak_stairs":2,"minecraft:oak_log":9,"minecraft:gunpowder":6,"minecraft:string":3,"minecraft:smooth_stone_slab":2,"minecraft:wheat_seeds":2,"minecraft:spruce_planks":5,"minecraft:stone_pickaxe":1,"apotheosis:gem_dust":1,"apotheosis:mythic_material":2,"minecraft:spruce_slab":6,"minecraft:iron_boots":1,"minecraft:book":30,"minecraft:spruce_fence":1,"undead_unleashed:grave_metal_scrap":2,"minecraft:carrot":49,"minecraft:cyan_bed":1,"atmospheric:rosewood_log":3,"minecraft:barrel":1,"minecraft:dark_oak_planks":1,"minecraft:stone_sword":1,"minecraft:arrow":2,"minecraft:emerald":4,"supplementaries:ash":16,"cisco_mod:brightsteel_ingot":1,"minecraft:cobblestone":6},"minecraft:crafted":{"minecraft:golden_carrot":7,"minecraft:oak_planks":12,"minecraft:crafting_table":1,"minecraft:wooden_pickaxe":1,"minecraft:stone_axe":1,"minecraft:gold_nugget":63,"minecraft:stick":4,"minecraft:stone_pickaxe":1,"atmospheric:rosewood_planks":12},"minecraft:killed_by":{"minecraft:silverfish":2,"minecraft:skeleton":2,"minecraft:zombie":1},"minecraft:dropped":{"byg:biomepedia":1,"minecraft:wheat_seeds":2,"minecraft:oak_log":3,"minecraft:smooth_stone_slab":2,"minecraft:birch_slab":1,"patchouli:guide_book":3,"enigmaticlegacy:cursed_ring":1,"atmospheric:rosewood_planks":6,"supplementaries:ash":2,"ars_nouveau:worn_notebook":1,"minecraft:potato":15,"minecraft:gunpowder":4,"minecraft:spruce_planks":1,"minecraft:barrel":1,"minecraft:spruce_slab":3,"minecraft:arrow":2,"minecraft:stone_pickaxe":1,"minecraft:wooden_pickaxe":1,"minecraft:string":3,"enigmaticlegacy:enigmatic_amulet":1},"minecraft:custom":{"minecraft:interact_with_smithing_table":1,"enigmaticlegacy:play_time_with_seven_curses":0,"lootr:looted_stat":20,"minecraft:mob_kills":51,"enigmaticlegacy:play_time_without_seven_curses":29343,"minecraft:interact_with_crafting_table":4,"minecraft:interact_with_cartography_table":2,"minecraft:tune_noteblock":1,"minecraft:bell_ring":1,"minecraft:damage_dealt_resisted":0,"minecraft:time_since_death":1866,"minecraft:climb_one_cm":5419,"minecraft:damage_resisted":0,"minecraft:time_since_rest":1898,"minecraft:walk_one_cm":67896,"minecraft:sprint_one_cm":97183,"minecraft:damage_taken":6465,"minecraft:drop":35,"minecraft:damage_dealt":584,"minecraft:swim_one_cm":45731,"minecraft:talked_to_villager":4,"minecraft:fly_one_cm":114851,"minecraft:crouch_one_cm":2392,"minecraft:play_time":29590,"minecraft:deaths":7,"minecraft:sneak_time":851,"minecraft:walk_under_water_one_cm":8631,"minecraft:jump":472,"minecraft:interact_with_blast_furnace":1,"minecraft:walk_on_water_one_cm":10021,"minecraft:total_world_time":29590,"minecraft:fall_one_cm":47450}},"DataVersion":3120}