{"stats":{"minecraft:used":{"minecraft:trident":9,"minecraft:stone_sword":1,"minecraft:stone_pickaxe":2,"minecraft:oak_planks":5,"minecraft:shield":28,"minecraft:wooden_pickaxe":12,"minecraft:iron_sword":58,"minecraft:crafting_table":2,"minecraft:dark_oak_planks":2,"minecraft:iron_pickaxe":10,"minecraft:iron_boots":1,"minecraft:stone_axe":60,"minecraft:golden_carrot":9,"minecraft:cobblestone":4,"minecraft:enchanted_golden_apple":1,"minecraft:experience_bottle":1},"minecraft:mined":{"minecraft:crafting_table":1,"minecraft:mushroom_stem":2,"minecraft:spawner":8,"minecraft:carrots":16,"minecraft:smooth_stone_slab":2,"minecraft:oak_log":4,"minecraft:iron_bars":2,"minecraft:cobweb":3,"minecraft:stone":12},"minecraft:killed":{"minecraft:piglin":9,"minecraft:witch":1,"minecraft:skeleton":7,"minecraft:zombie":1,"minecraft:silverfish":18,"undead_unleashed:haunter":1,"minecraft:piglin_brute":8,"enemyexpansion:goblin":1},"minecraft:picked_up":{"iter_rpg:spawner_fragment":3,"minecraft:crafting_table":1,"minecraft:wheat":4,"minecraft:ladder":1,"minecraft:potato":1,"minecraft:oak_log":4,"minecraft:crimson_fungus":32,"minecraft:gunpowder":4,"minecraft:oak_trapdoor":5,"minecraft:string":1,"minecraft:smooth_stone_slab":2,"minecraft:netherite_scrap":1,"minecraft:bone":26,"minecraft:experience_bottle":2,"minecraft:glass_bottle":1,"knightlib:small_essence":1,"forbidden_arcanus:tentacle":1,"minecraft:spruce_stairs":3,"minecraft:birch_stairs":1,"undead_unleashed:grave_metal_scrap":2,"minecraft:ink_sac":5,"minecraft:carrot":63,"minecraft:spruce_door":1,"minecraft:barrel":1,"minecraft:dark_oak_planks":2,"minecraft:arrow":10,"minecraft:iron_block":1,"minecraft:emerald":4,"minecraft:bread":1,"supplementaries:ash":32,"minecraft:oak_sapling":2,"minecraft:iron_bars":2,"forbidden_arcanus:spawner_scrap":7,"minecraft:cobblestone":12},"minecraft:crafted":{"minecraft:oak_planks":16,"minecraft:crafting_table":1,"minecraft:wooden_pickaxe":1,"minecraft:gold_nugget":54,"minecraft:stick":4,"minecraft:iron_ingot":9,"minecraft:stone_pickaxe":1,"minecraft:stone_sword":1,"minecraft:golden_carrot":9},"minecraft:killed_by":{"minecraft:vindicator":1,"minecraft:silverfish":1,"minecraft:skeleton":2,"minecraft:creeper":1,"alexsmobs:cachalot_whale":1},"minecraft:dropped":{"minecraft:bread":1,"knightlib:small_essence":1,"minecraft:smooth_stone_slab":2,"minecraft:glass_bottle":1,"minecraft:experience_bottle":1,"minecraft:iron_boots":1,"undead_unleashed:grave_metal_scrap":1,"minecraft:spruce_stairs":1,"minecraft:stick":1,"supplementaries:ash":2,"minecraft:gunpowder":2,"aether:iron_gloves":1,"minecraft:iron_leggings":1,"minecraft:birch_stairs":1},"minecraft:custom":{"enigmaticlegacy:play_time_with_seven_curses":0,"lootr:looted_stat":23,"minecraft:mob_kills":48,"enigmaticlegacy:play_time_without_seven_curses":41100,"minecraft:interact_with_crafting_table":7,"minecraft:time_since_death":4939,"minecraft:climb_one_cm":11934,"minecraft:damage_resisted":131,"minecraft:time_since_rest":4970,"minecraft:sprint_one_cm":180824,"minecraft:walk_one_cm":114988,"minecraft:damage_taken":7735,"minecraft:damage_absorbed":161,"minecraft:damage_blocked_by_shield":1533,"minecraft:drop":15,"minecraft:damage_dealt":6663,"minecraft:swim_one_cm":65140,"minecraft:talked_to_villager":2,"minecraft:fly_one_cm":141933,"minecraft:crouch_one_cm":4597,"minecraft:play_time":41348,"minecraft:deaths":8,"minecraft:sneak_time":976,"minecraft:walk_under_water_one_cm":22954,"minecraft:jump":635,"minecraft:walk_on_water_one_cm":23069,"minecraft:total_world_time":41348,"minecraft:fall_one_cm":36161,"minecraft:inspect_dispenser":1}},"DataVersion":3120}