{"stats":{"minecraft:used":{"minecraft:trident":39,"minecraft:stone_sword":1,"minecraft:stone_pickaxe":2,"minecraft:oak_planks":5,"minecraft:shield":45,"minecraft:wooden_pickaxe":12,"minecraft:iron_sword":138,"byg:peat":2,"farmersdelight:flint_knife":1,"minecraft:crafting_table":2,"minecraft:white_bed":1,"byg:lush_dirt":5,"minecraft:dark_oak_planks":2,"minecraft:iron_pickaxe":31,"minecraft:iron_boots":1,"minecraft:stone_axe":60,"minecraft:light_gray_wool":1,"minecraft:golden_carrot":21,"minecraft:cobblestone":4,"minecraft:enchanted_golden_apple":1,"minecraft:experience_bottle":1},"minecraft:broken":{"minecraft:shield":1},"minecraft:mined":{"minecraft:podzol":1,"minecraft:white_bed":1,"minecraft:crafting_table":1,"minecraft:mushroom_stem":2,"minecraft:sandstone":1,"byg:lush_grass_block":2,"minecraft:spawner":8,"byg:soapstone":1,"byg:lush_dirt":3,"minecraft:carrots":16,"minecraft:redstone_torch":1,"minecraft:birch_leaves":2,"minecraft:gold_block":4,"minecraft:light_gray_wool":1,"minecraft:smooth_stone_slab":2,"minecraft:oak_log":4,"minecraft:oak_stairs":1,"minecraft:vine":1,"minecraft:iron_bars":2,"minecraft:sand":2,"minecraft:gravel":2,"minecraft:dirt":1,"structure_gel:dynamic_spawner":3,"byg:peat":5,"byg:rocky_stone":6,"minecraft:cobweb":7,"minecraft:stone":13,"minecraft:white_wool":1},"minecraft:killed":{"minecraft:piglin":9,"minecraft:witch":1,"minecraft:spider":6,"minecraft:vindicator":1,"whisperwoods:zotzpyre":1,"minecraft:skeleton":8,"minecraft:pillager":1,"minecraft:zombie":5,"undead_unleashed:shadewraith":1,"cataclysm:lionfish":1,"minecraft:drowned":1,"minecraft:silverfish":18,"undead_unleashed:haunter":1,"alexsmobs:skelewag":1,"minecraft:piglin_brute":8,"enemyexpansion:goblin":1},"minecraft:picked_up":{"iter_rpg:spawner_fragment":4,"minecraft:crafting_table":1,"minecraft:wheat":4,"minecraft:golden_carrot":3,"byg:lush_dirt":5,"minecraft:ladder":1,"minecraft:lead":1,"minecraft:oak_stairs":1,"minecraft:potato":1,"minecraft:gold_block":4,"byg:peat":5,"minecraft:oak_log":4,"minecraft:crimson_fungus":32,"minecraft:gunpowder":4,"minecraft:dirt":1,"minecraft:oak_trapdoor":5,"minecraft:string":7,"minecraft:lantern":2,"minecraft:smooth_stone_slab":2,"minecraft:netherite_scrap":1,"minecraft:bone":30,"minecraft:experience_bottle":2,"minecraft:light_gray_wool":1,"minecraft:glass_bottle":1,"knightlib:small_essence":1,"alexsmobs:fish_bones":1,"ecologics:coconut_slice":16,"forbidden_arcanus:tentacle":2,"minecraft:spruce_stairs":3,"minecraft:birch_stairs":1,"undead_unleashed:grave_metal_scrap":4,"minecraft:ink_sac":10,"minecraft:white_bed":1,"minecraft:carrot":64,"minecraft:spider_eye":12,"minecraft:spruce_door":1,"minecraft:barrel":1,"minecraft:dark_oak_planks":2,"minecraft:rotten_flesh":6,"minecraft:arrow":14,"waystones:waystone":1,"minecraft:iron_helmet":1,"minecraft:iron_block":1,"minecraft:emerald":7,"minecraft:bread":1,"supplementaries:ash":32,"minecraft:oak_sapling":4,"minecraft:iron_bars":2,"forbidden_arcanus:spawner_scrap":9,"minecraft:cobblestone":12},"minecraft:crafted":{"minecraft:oak_planks":16,"minecraft:crafting_table":1,"minecraft:wooden_pickaxe":1,"minecraft:gold_nugget":234,"minecraft:stick":4,"minecraft:iron_ingot":9,"minecraft:stone_pickaxe":1,"minecraft:stone_sword":1,"minecraft:golden_carrot":31},"minecraft:killed_by":{"minecraft:vindicator":1,"minecraft:silverfish":1,"knightquest:swampman":1,"minecraft:skeleton":2,"minecraft:creeper":1,"minecraft:zombie":3,"alexsmobs:cachalot_whale":1},"minecraft:dropped":{"byg:peat":3,"minecraft:bread":1,"knightlib:small_essence":1,"minecraft:smooth_stone_slab":2,"minecraft:glass_bottle":1,"ecologics:coconut_slice":6,"minecraft:experience_bottle":1,"forbidden_arcanus:tentacle":1,"minecraft:iron_helmet":1,"minecraft:lead":1,"minecraft:rotten_flesh":3,"minecraft:lantern":2,"minecraft:iron_boots":1,"undead_unleashed:grave_metal_scrap":1,"minecraft:spruce_stairs":1,"minecraft:coal":5,"minecraft:stick":1,"supplementaries:ash":2,"farmersdelight:flint_knife":1,"minecraft:gunpowder":2,"aether:iron_gloves":1,"minecraft:ink_sac":5,"minecraft:oak_sapling":2,"minecraft:spider_eye":12,"minecraft:iron_leggings":1,"minecraft:fishing_rod":1,"minecraft:string":6,"minecraft:birch_stairs":1},"minecraft:custom":{"enigmaticlegacy:play_time_with_seven_curses":0,"lootr:looted_stat":55,"minecraft:mob_kills":69,"enigmaticlegacy:play_time_without_seven_curses":77001,"minecraft:interact_with_crafting_table":8,"minecraft:damage_dealt_resisted":0,"minecraft:time_since_death":17765,"minecraft:sleep_in_bed":1,"minecraft:climb_one_cm":22368,"minecraft:damage_resisted":131,"minecraft:time_since_rest":15773,"minecraft:waystone_activated":1,"minecraft:sprint_one_cm":270266,"minecraft:walk_one_cm":252989,"minecraft:damage_taken":11962,"minecraft:damage_absorbed":161,"minecraft:damage_blocked_by_shield":2788,"minecraft:drop":46,"minecraft:damage_dealt":17636,"minecraft:swim_one_cm":117685,"minecraft:talked_to_villager":2,"minecraft:fly_one_cm":208061,"minecraft:crouch_one_cm":12249,"minecraft:play_time":77348,"minecraft:deaths":12,"minecraft:sneak_time":2898,"minecraft:walk_under_water_one_cm":47013,"minecraft:jump":1085,"minecraft:walk_on_water_one_cm":35090,"minecraft:total_world_time":77348,"minecraft:fall_one_cm":47558,"minecraft:inspect_dispenser":1}},"DataVersion":3120}