{"stats":{"minecraft:used":{"minecraft:stone_axe":23,"minecraft:crafting_table":1,"minecraft:wooden_pickaxe":12},"minecraft:mined":{"minecraft:oak_log":4,"minecraft:mushroom_stem":1,"minecraft:stone":12,"minecraft:crafting_table":1},"minecraft:killed":{"minecraft:piglin_brute":5},"minecraft:picked_up":{"minecraft:crafting_table":1,"minecraft:oak_log":4,"minecraft:cobblestone":12},"minecraft:crafted":{"minecraft:oak_planks":16,"minecraft:crafting_table":1,"minecraft:stick":4,"minecraft:wooden_pickaxe":1,"minecraft:stone_pickaxe":1},"minecraft:custom":{"minecraft:time_since_rest":5348,"enigmaticlegacy:play_time_with_seven_curses":0,"minecraft:crouch_one_cm":166,"minecraft:play_time":5348,"minecraft:sprint_one_cm":9367,"minecraft:walk_one_cm":11064,"minecraft:sneak_time":143,"minecraft:mob_kills":5,"minecraft:jump":58,"minecraft:damage_dealt":1056,"minecraft:time_since_death":5348,"minecraft:walk_on_water_one_cm":1147,"enigmaticlegacy:play_time_without_seven_curses":5348,"minecraft:total_world_time":5348,"minecraft:interact_with_crafting_table":2,"minecraft:fall_one_cm":1254,"minecraft:fly_one_cm":16796}},"DataVersion":3120}