{"stats":{"minecraft:used":{"minecraft:trident":9,"minecraft:stone_sword":1,"minecraft:stone_pickaxe":2,"minecraft:oak_planks":5,"minecraft:shield":27,"minecraft:wooden_pickaxe":12,"minecraft:iron_sword":51,"minecraft:crafting_table":2,"minecraft:dark_oak_planks":1,"minecraft:iron_pickaxe":9,"minecraft:iron_boots":1,"minecraft:stone_axe":60,"minecraft:golden_carrot":3,"minecraft:cobblestone":4,"minecraft:enchanted_golden_apple":1,"minecraft:experience_bottle":1},"minecraft:mined":{"minecraft:crafting_table":1,"minecraft:mushroom_stem":2,"minecraft:spawner":7,"minecraft:carrots":16,"minecraft:smooth_stone_slab":2,"minecraft:oak_log":4,"minecraft:iron_bars":2,"minecraft:cobweb":3,"minecraft:stone":12},"minecraft:killed":{"minecraft:piglin":9,"minecraft:witch":1,"minecraft:skeleton":6,"minecraft:zombie":1,"minecraft:silverfish":17,"undead_unleashed:haunter":1,"minecraft:piglin_brute":8,"enemyexpansion:goblin":1},"minecraft:picked_up":{"iter_rpg:spawner_fragment":3,"minecraft:crafting_table":1,"minecraft:wheat":4,"minecraft:ladder":1,"minecraft:potato":1,"minecraft:oak_log":4,"minecraft:crimson_fungus":32,"minecraft:gunpowder":2,"minecraft:oak_trapdoor":5,"minecraft:string":1,"minecraft:smooth_stone_slab":2,"minecraft:netherite_scrap":1,"minecraft:bone":20,"minecraft:experience_bottle":2,"minecraft:glass_bottle":1,"minecraft:spruce_stairs":3,"minecraft:birch_stairs":1,"undead_unleashed:grave_metal_scrap":1,"minecraft:carrot":63,"minecraft:spruce_door":1,"minecraft:barrel":1,"minecraft:dark_oak_planks":2,"minecraft:arrow":5,"minecraft:iron_block":1,"minecraft:emerald":4,"minecraft:bread":1,"supplementaries:ash":31,"minecraft:iron_bars":2,"forbidden_arcanus:spawner_scrap":6,"minecraft:cobblestone":12},"minecraft:crafted":{"minecraft:oak_planks":16,"minecraft:crafting_table":1,"minecraft:wooden_pickaxe":1,"minecraft:gold_nugget":54,"minecraft:stick":4,"minecraft:stone_pickaxe":1,"minecraft:stone_sword":1,"minecraft:golden_carrot":9},"minecraft:killed_by":{"minecraft:silverfish":1,"minecraft:skeleton":2,"minecraft:creeper":1,"alexsmobs:cachalot_whale":1},"minecraft:dropped":{"minecraft:bread":1,"minecraft:smooth_stone_slab":2,"minecraft:glass_bottle":1,"minecraft:experience_bottle":1,"minecraft:iron_boots":1,"undead_unleashed:grave_metal_scrap":1,"minecraft:spruce_stairs":1,"minecraft:stick":1,"supplementaries:ash":2,"minecraft:gunpowder":2,"aether:iron_gloves":1,"minecraft:birch_stairs":1},"minecraft:custom":{"enigmaticlegacy:play_time_with_seven_curses":0,"lootr:looted_stat":13,"minecraft:mob_kills":46,"enigmaticlegacy:play_time_without_seven_curses":29131,"minecraft:interact_with_crafting_table":7,"minecraft:time_since_death":755,"minecraft:climb_one_cm":11568,"minecraft:damage_resisted":131,"minecraft:time_since_rest":783,"minecraft:sprint_one_cm":85629,"minecraft:walk_one_cm":94781,"minecraft:damage_taken":6822,"minecraft:damage_absorbed":161,"minecraft:damage_blocked_by_shield":1493,"minecraft:drop":13,"minecraft:damage_dealt":5947,"minecraft:swim_one_cm":44871,"minecraft:talked_to_villager":1,"minecraft:fly_one_cm":69972,"minecraft:crouch_one_cm":2305,"minecraft:play_time":29348,"minecraft:deaths":7,"minecraft:sneak_time":605,"minecraft:walk_under_water_one_cm":20144,"minecraft:jump":319,"minecraft:walk_on_water_one_cm":16603,"minecraft:total_world_time":29348,"minecraft:fall_one_cm":30770,"minecraft:inspect_dispenser":1}},"DataVersion":3120}