{"stats":{"minecraft:used":{"minecraft:trident":72,"minecraft:stone_sword":1,"minecraft:shield":45,"minecraft:iron_sword":145,"farmersdelight:flint_knife":1,"byg:lush_dirt":5,"minecraft:dark_oak_planks":2,"minecraft:iron_boots":1,"minecraft:light_gray_wool":1,"minecraft:golden_carrot":30,"byg:blue_sand":4,"minecraft:cobbled_deepslate":8,"minecraft:enchanted_golden_apple":1,"minecraft:stone_pickaxe":2,"minecraft:oak_planks":5,"minecraft:wooden_pickaxe":12,"byg:peat":2,"minecraft:crafting_table":2,"minecraft:white_bed":1,"minecraft:iron_pickaxe":42,"minecraft:stone_axe":60,"minecraft:cobblestone":5,"minecraft:experience_bottle":1},"minecraft:broken":{"minecraft:iron_boots":1,"minecraft:iron_chestplate":1,"minecraft:shield":1,"minecraft:iron_helmet":1},"minecraft:mined":{"minecraft:white_bed":1,"minecraft:sandstone":1,"minecraft:spawner":8,"minecraft:carrots":16,"minecraft:gold_block":4,"byg:blue_sand":4,"minecraft:vine":1,"minecraft:oak_stairs":1,"minecraft:iron_bars":2,"byg:rocky_stone":6,"minecraft:stone":14,"minecraft:white_wool":1,"minecraft:podzol":1,"minecraft:clay":1,"minecraft:crafting_table":1,"minecraft:mushroom_stem":2,"byg:lush_grass_block":2,"byg:soapstone":1,"byg:lush_dirt":3,"forbidden_arcanus:xpetrified_ore":1,"minecraft:redstone_torch":1,"minecraft:birch_leaves":2,"minecraft:light_gray_wool":1,"minecraft:smooth_stone_slab":2,"minecraft:oak_log":4,"minecraft:gravel":2,"minecraft:sand":2,"minecraft:dirt":1,"byg:peat":5,"minecraft:cobweb":7,"structure_gel:dynamic_spawner":3,"minecraft:deepslate":8},"minecraft:killed":{"minecraft:witch":1,"minecraft:vindicator":1,"minecraft:spider":6,"minecraft:skeleton":10,"minecraft:silverfish":18,"minecraft:drowned":1,"cataclysm:lionfish":1,"alexsmobs:skelewag":1,"minecraft:piglin_brute":8,"enemyexpansion:goblin":1,"minecraft:piglin":9,"minecraft:creeper":1,"whisperwoods:zotzpyre":1,"royalvariations:royal_zombie":1,"minecraft:pillager":1,"minecraft:zombie":12,"undead_unleashed:shadewraith":1,"enemyexpansion:botfly":2,"undead_unleashed:haunter":2},"minecraft:picked_up":{"iter_rpg:spawner_fragment":4,"minecraft:crafting_table":1,"minecraft:wheat":4,"byg:lush_dirt":5,"minecraft:ladder":1,"minecraft:lead":1,"minecraft:oak_stairs":1,"minecraft:gold_block":4,"byg:peat":5,"minecraft:string":7,"minecraft:oak_trapdoor":5,"minecraft:moss_carpet":1,"minecraft:smooth_stone_slab":2,"minecraft:netherite_scrap":1,"minecraft:experience_bottle":2,"minecraft:light_gray_wool":1,"knightlib:small_essence":2,"ecologics:coconut_slice":16,"forbidden_arcanus:tentacle":2,"minecraft:spruce_stairs":3,"minecraft:carrot":64,"minecraft:dark_oak_planks":2,"minecraft:arrow":16,"minecraft:rotten_flesh":25,"aether:chainmail_gloves":1,"minecraft:iron_block":1,"supplementaries:ash":32,"minecraft:iron_bars":2,"forbidden_arcanus:spawner_scrap":9,"minecraft:cobblestone":12,"minecraft:golden_carrot":3,"minecraft:potato":3,"minecraft:crimson_fungus":32,"minecraft:oak_log":4,"minecraft:gunpowder":6,"minecraft:dirt":1,"minecraft:lantern":2,"byg:blue_sand":4,"minecraft:bone":32,"minecraft:iron_ingot":1,"minecraft:glass_bottle":1,"apotheosis:gem_dust":1,"alexsmobs:fish_bones":1,"minecraft:birch_stairs":1,"undead_unleashed:grave_metal_scrap":4,"minecraft:ink_sac":10,"minecraft:white_bed":1,"minecraft:barrel":1,"minecraft:spruce_door":1,"minecraft:spider_eye":12,"waystones:waystone":1,"minecraft:iron_helmet":1,"minecraft:bread":1,"minecraft:emerald":7,"minecraft:oak_sapling":4},"minecraft:crafted":{"minecraft:oak_planks":16,"minecraft:stone_pickaxe":1,"minecraft:crafting_table":1,"minecraft:wooden_pickaxe":1,"minecraft:gold_nugget":234,"minecraft:stick":4,"minecraft:iron_ingot":9,"minecraft:stone_sword":1,"minecraft:golden_carrot":31},"minecraft:killed_by":{"knightquest:swampman":1,"minecraft:creeper":1,"alexsmobs:cachalot_whale":1,"minecraft:vindicator":1,"minecraft:silverfish":1,"minecraft:skeleton":2,"minecraft:zombie":4},"minecraft:dropped":{"byg:peat":3,"minecraft:bread":1,"knightlib:small_essence":2,"minecraft:glass_bottle":1,"ecologics:coconut_slice":6,"forbidden_arcanus:tentacle":1,"minecraft:iron_helmet":1,"minecraft:lead":1,"minecraft:lantern":2,"undead_unleashed:grave_metal_scrap":1,"minecraft:spruce_stairs":1,"minecraft:coal":5,"minecraft:stick":1,"minecraft:ink_sac":5,"minecraft:iron_leggings":1,"minecraft:string":6,"minecraft:fishing_rod":1,"minecraft:birch_stairs":1,"minecraft:smooth_stone_slab":2,"minecraft:experience_bottle":1,"minecraft:rotten_flesh":3,"minecraft:iron_boots":1,"minecraft:potato":1,"supplementaries:ash":2,"farmersdelight:flint_knife":1,"minecraft:gunpowder":2,"aether:iron_gloves":1,"aether:chainmail_gloves":2,"minecraft:oak_sapling":2,"minecraft:spider_eye":12},"minecraft:custom":{"enigmaticlegacy:play_time_with_seven_curses":0,"lootr:looted_stat":55,"minecraft:mob_kills":83,"minecraft:interact_with_crafting_table":8,"minecraft:damage_dealt_resisted":76,"minecraft:time_since_death":10254,"minecraft:climb_one_cm":23265,"minecraft:damage_resisted":131,"minecraft:sprint_one_cm":311249,"minecraft:walk_one_cm":284416,"minecraft:damage_blocked_by_shield":2788,"minecraft:drop":50,"minecraft:talked_to_villager":2,"minecraft:play_time":89348,"minecraft:sneak_time":3040,"minecraft:deaths":13,"minecraft:walk_under_water_one_cm":52193,"minecraft:jump":1318,"minecraft:walk_on_water_one_cm":43000,"minecraft:total_world_time":89348,"enigmaticlegacy:play_time_without_seven_curses":88977,"minecraft:sleep_in_bed":1,"minecraft:time_since_rest":10278,"minecraft:waystone_activated":1,"minecraft:damage_taken":13516,"minecraft:damage_absorbed":161,"minecraft:damage_dealt":22961,"minecraft:swim_one_cm":136845,"minecraft:fly_one_cm":248679,"minecraft:crouch_one_cm":12701,"minecraft:fall_one_cm":52903,"minecraft:inspect_dispenser":1}},"DataVersion":3120}