{"stats":{"minecraft:used":{"minecraft:trident":117,"minecraft:stone_sword":1,"farmersdelight:diamond_knife":249,"minecraft:shield":45,"minecraft:iron_sword":167,"farmersdelight:flint_knife":1,"minecraft:golden_chestplate":1,"mcsa:petra_boots":1,"byg:lush_dirt":5,"minecraft:dark_oak_planks":2,"minecraft:iron_boots":1,"minecraft:light_gray_wool":1,"minecraft:golden_carrot":38,"byg:blue_sand":4,"minecraft:cobbled_deepslate":8,"minecraft:enchanted_golden_apple":1,"minecraft:leather_leggings":1,"minecraft:stone_pickaxe":2,"minecraft:oak_planks":5,"minecraft:wooden_pickaxe":12,"byg:peat":2,"minecraft:golden_apple":6,"minecraft:crafting_table":2,"minecraft:white_bed":2,"minecraft:dark_prismarine":20,"minecraft:iron_pickaxe":66,"minecraft:stone_axe":60,"minecraft:cobblestone":5,"minecraft:experience_bottle":1},"minecraft:broken":{"minecraft:iron_boots":1,"minecraft:iron_chestplate":1,"minecraft:iron_leggings":1,"minecraft:shield":1,"minecraft:iron_helmet":1},"minecraft:mined":{"minecraft:dark_prismarine":20,"minecraft:white_bed":2,"minecraft:sandstone":1,"minecraft:spawner":12,"minecraft:carrots":16,"minecraft:gold_block":4,"byg:blue_sand":4,"minecraft:vine":1,"minecraft:oak_stairs":1,"minecraft:iron_bars":2,"byg:rocky_stone":6,"minecraft:stone":14,"minecraft:white_wool":1,"minecraft:podzol":1,"minecraft:clay":1,"minecraft:crafting_table":1,"minecraft:mushroom_stem":2,"byg:lush_grass_block":2,"byg:soapstone":1,"byg:lush_dirt":3,"forbidden_arcanus:xpetrified_ore":1,"minecraft:redstone_torch":1,"minecraft:birch_leaves":2,"minecraft:light_gray_wool":1,"minecraft:smooth_stone_slab":2,"minecraft:oak_log":4,"minecraft:gravel":2,"minecraft:sand":2,"minecraft:dirt":1,"byg:peat":5,"minecraft:cobweb":7,"structure_gel:dynamic_spawner":3,"minecraft:acacia_planks":1,"minecraft:deepslate":8},"minecraft:killed":{"minecraft:witch":1,"minecraft:vindicator":1,"minecraft:spider":6,"minecraft:phantom":1,"minecraft:skeleton":11,"minecraft:bee":1,"minecraft:silverfish":18,"minecraft:drowned":1,"cataclysm:lionfish":1,"alexsmobs:skelewag":1,"minecraft:piglin_brute":8,"enemyexpansion:goblin":1,"minecraft:piglin":9,"enemyexpansion:sprinter":1,"irons_spellbooks:necromancer":1,"minecraft:hoglin":2,"minecraft:creeper":2,"whisperwoods:zotzpyre":1,"royalvariations:royal_zombie":1,"minecraft:pillager":1,"minecraft:zombie":12,"undead_unleashed:shadewraith":1,"enemyexpansion:botfly":2,"alexsmobs:fly":1,"undead_unleashed:haunter":2,"minecraft:wither_skeleton":13},"minecraft:picked_up":{"iter_rpg:spawner_fragment":4,"nethersdelight:hoglin_loin":8,"minecraft:crafting_table":1,"minecraft:wheat":4,"byg:lush_dirt":5,"minecraft:ladder":1,"minecraft:leather_leggings":1,"minecraft:lead":1,"minecraft:oak_stairs":1,"minecraft:gold_block":4,"byg:peat":5,"minecraft:string":7,"minecraft:oak_trapdoor":5,"minecraft:moss_carpet":1,"minecraft:smooth_stone_slab":2,"minecraft:netherite_scrap":1,"minecraft:experience_bottle":2,"irons_spellbooks:arcane_essence":4,"minecraft:light_gray_wool":1,"minecraft:phantom_membrane":1,"knightlib:small_essence":2,"ecologics:coconut_slice":16,"forbidden_arcanus:tentacle":2,"minecraft:spruce_stairs":3,"minecraft:carrot":64,"minecraft:dark_oak_planks":2,"minecraft:arrow":20,"minecraft:rotten_flesh":25,"aether:chainmail_gloves":1,"minecraft:iron_block":1,"supplementaries:ash":32,"minecraft:iron_bars":2,"forbidden_arcanus:spawner_scrap":9,"minecraft:cobblestone":12,"minecraft:golden_carrot":3,"minecraft:leather":2,"minecraft:potato":3,"minecraft:crimson_fungus":32,"minecraft:oak_log":4,"minecraft:gunpowder":8,"minecraft:wither_skeleton_skull":1,"minecraft:dirt":1,"minecraft:lantern":2,"byg:blue_sand":4,"minecraft:bone":60,"minecraft:bow":1,"minecraft:iron_ingot":1,"minecraft:glass_bottle":1,"apotheosis:gem_dust":1,"alexsmobs:fish_bones":1,"minecraft:birch_stairs":1,"undead_unleashed:grave_metal_scrap":11,"minecraft:ink_sac":10,"minecraft:white_bed":2,"minecraft:barrel":1,"minecraft:spruce_door":1,"minecraft:spider_eye":12,"minecraft:dark_prismarine":1,"waystones:waystone":1,"minecraft:iron_helmet":1,"minecraft:bread":1,"minecraft:emerald":7,"minecraft:oak_sapling":4,"minecraft:coal":9},"minecraft:crafted":{"minecraft:oak_planks":16,"minecraft:stone_pickaxe":1,"minecraft:crafting_table":1,"minecraft:wooden_pickaxe":1,"minecraft:gold_nugget":234,"minecraft:stick":4,"minecraft:iron_ingot":9,"minecraft:stone_sword":1,"minecraft:golden_carrot":31},"minecraft:killed_by":{"minecraft:wither_skeleton":2,"knightquest:swampman":1,"minecraft:creeper":1,"alexsmobs:cachalot_whale":1,"minecraft:vindicator":1,"minecraft:silverfish":1,"minecraft:skeleton":2,"minecraft:phantom":1,"minecraft:zombie":4,"royalvariations:royal_creeper":1},"minecraft:dropped":{"byg:peat":3,"minecraft:bread":1,"minecraft:iron_sword":1,"knightlib:small_essence":2,"minecraft:glass_bottle":1,"ecologics:coconut_slice":6,"forbidden_arcanus:tentacle":1,"minecraft:iron_helmet":1,"minecraft:lead":1,"minecraft:lantern":2,"undead_unleashed:grave_metal_scrap":1,"minecraft:spruce_stairs":1,"nethersdelight:hoglin_loin":8,"minecraft:coal":12,"minecraft:stick":1,"minecraft:ink_sac":5,"minecraft:diamond_helmet":1,"minecraft:iron_leggings":1,"minecraft:phantom_membrane":1,"minecraft:string":6,"minecraft:fishing_rod":1,"minecraft:birch_stairs":1,"minecraft:bone":3,"minecraft:moss_carpet":1,"minecraft:smooth_stone_slab":2,"minecraft:experience_bottle":1,"minecraft:rotten_flesh":3,"minecraft:clay_ball":4,"minecraft:iron_boots":1,"minecraft:potato":1,"supplementaries:ash":2,"farmersdelight:flint_knife":1,"minecraft:gunpowder":2,"aether:iron_gloves":1,"aether:chainmail_gloves":2,"minecraft:oak_sapling":2,"minecraft:spider_eye":12,"minecraft:bow":1,"minecraft:dark_prismarine":1},"minecraft:custom":{"enigmaticlegacy:play_time_with_seven_curses":0,"lootr:looted_stat":57,"minecraft:mob_kills":109,"minecraft:interact_with_crafting_table":8,"minecraft:damage_dealt_resisted":76,"minecraft:time_since_death":943,"minecraft:climb_one_cm":23315,"minecraft:damage_resisted":131,"minecraft:sprint_one_cm":386252,"minecraft:walk_one_cm":369121,"minecraft:damage_blocked_by_shield":2788,"minecraft:drop":68,"minecraft:talked_to_villager":2,"minecraft:play_time":113348,"minecraft:sneak_time":5536,"minecraft:deaths":17,"minecraft:walk_under_water_one_cm":56437,"minecraft:jump":1514,"minecraft:walk_on_water_one_cm":46605,"minecraft:total_world_time":113348,"enigmaticlegacy:play_time_without_seven_curses":112775,"minecraft:sleep_in_bed":1,"minecraft:time_since_rest":1029,"minecraft:waystone_activated":1,"minecraft:damage_taken":17670,"minecraft:damage_absorbed":321,"minecraft:damage_dealt":37440,"minecraft:swim_one_cm":144908,"minecraft:fly_one_cm":278185,"minecraft:crouch_one_cm":19564,"minecraft:fall_one_cm":58690,"minecraft:inspect_dispenser":1}},"DataVersion":3120}