{"stats":{"minecraft:used":{"minecraft:trident":5,"minecraft:stone_sword":1,"minecraft:stone_pickaxe":2,"minecraft:iron_pickaxe":1,"minecraft:oak_planks":5,"minecraft:wooden_pickaxe":12,"minecraft:shield":27,"minecraft:iron_sword":10,"minecraft:iron_boots":1,"minecraft:stone_axe":60,"minecraft:cobblestone":1,"minecraft:crafting_table":2},"minecraft:mined":{"minecraft:carrots":16,"minecraft:crafting_table":1,"minecraft:oak_log":4,"minecraft:mushroom_stem":2,"minecraft:stone":12,"minecraft:spawner":3},"minecraft:killed":{"minecraft:skeleton":2,"minecraft:piglin":9,"minecraft:zombie":1,"undead_unleashed:haunter":1,"minecraft:piglin_brute":8},"minecraft:picked_up":{"iter_rpg:spawner_fragment":1,"minecraft:crafting_table":1,"minecraft:wheat":4,"minecraft:potato":1,"minecraft:crimson_fungus":32,"minecraft:oak_log":4,"minecraft:gunpowder":2,"minecraft:carrot":63,"minecraft:experience_bottle":1,"minecraft:bone":15,"minecraft:bread":1,"minecraft:emerald":4,"forbidden_arcanus:spawner_scrap":2,"minecraft:cobblestone":12},"minecraft:crafted":{"minecraft:oak_planks":16,"minecraft:crafting_table":1,"minecraft:stick":4,"minecraft:wooden_pickaxe":1,"minecraft:stone_pickaxe":1,"minecraft:stone_sword":1},"minecraft:killed_by":{"alexsmobs:cachalot_whale":1,"minecraft:skeleton":1,"minecraft:creeper":1},"minecraft:dropped":{"minecraft:bread":1,"aether:iron_gloves":1,"minecraft:experience_bottle":1,"minecraft:stick":1},"minecraft:custom":{"minecraft:time_since_rest":436,"enigmaticlegacy:play_time_with_seven_curses":0,"lootr:looted_stat":6,"minecraft:sprint_one_cm":57955,"minecraft:damage_taken":2403,"minecraft:walk_one_cm":52679,"minecraft:damage_blocked_by_shield":1493,"minecraft:mob_kills":23,"minecraft:drop":4,"minecraft:damage_dealt":4258,"enigmaticlegacy:play_time_without_seven_curses":17266,"minecraft:swim_one_cm":16389,"minecraft:interact_with_crafting_table":3,"minecraft:fly_one_cm":51621,"minecraft:crouch_one_cm":997,"minecraft:play_time":17348,"minecraft:deaths":3,"minecraft:sneak_time":289,"minecraft:walk_under_water_one_cm":10235,"minecraft:jump":197,"minecraft:walk_on_water_one_cm":8039,"minecraft:time_since_death":410,"minecraft:total_world_time":17348,"minecraft:climb_one_cm":5510,"minecraft:damage_resisted":0,"minecraft:fall_one_cm":6105}},"DataVersion":3120}