{
  "comforts:sleeping_bag_light_gray": {
    "criteria": {
      "has_the_recipe": "2024-11-06 07:36:50 +0000"
    },
    "done": true
  },
  "apotheosis:affix/rare": {
    "criteria": {
      "sword": "2024-11-06 07:45:28 +0000"
    },
    "done": true
  },
  "incendium:technical/on_block": {
    "criteria": {
      "log_spam_fixer": "2024-11-06 07:36:54 +0000"
    },
    "done": false
  },
  "vinery:dark_oak_wine_rack_small": {
    "criteria": {
      "has_the_recipe": "2024-11-06 07:36:50 +0000"
    },
    "done": true
  },
  "vinery:birch_wine_rack_small": {
    "criteria": {
      "has_the_recipe": "2024-11-06 07:36:50 +0000"
    },
    "done": true
  },
  "comforts:hammock_cyan_from_white": {
    "criteria": {
      "has_the_recipe": "2024-11-06 07:36:50 +0000"
    },
    "done": true
  },
  "comforts:hammock_black": {
    "criteria": {
      "has_the_recipe": "2024-11-06 07:36:50 +0000"
    },
    "done": true
  },
  "comforts:sleeping_bag_light_blue": {
    "criteria": {
      "has_the_recipe": "2024-11-06 07:36:50 +0000"
    },
    "done": true
  },
  "comforts:sleeping_bag_lime": {
    "criteria": {
      "has_the_recipe": "2024-11-06 07:36:50 +0000"
    },
    "done": true
  },
  "vinery:window": {
    "criteria": {
      "has_the_recipe": "2024-11-06 07:36:50 +0000"
    },
    "done": true
  },
  "enigmaticlegacy:recipes/generic/magnet_ring": {
    "criteria": {
      "has_parent_recipe": "2024-11-06 07:43:49 +0000",
      "has_items": "2024-11-06 07:45:31 +0000"
    },
    "done": true
  },
  "naturescompass:natures_compass": {
    "criteria": {
      "has_compass": "2024-11-06 07:36:50 +0000"
    },
    "done": true
  },
  "vinery:vinemaker_leggings": {
    "criteria": {
      "has_the_recipe": "2024-11-06 07:36:50 +0000"
    },
    "done": true
  },
  "comforts:sleeping_bag_lime_from_white": {
    "criteria": {
      "has_the_recipe": "2024-11-06 07:36:50 +0000"
    },
    "done": true
  },
  "vinery:big_table": {
    "criteria": {
      "has_the_recipe": "2024-11-06 07:36:50 +0000"
    },
    "done": true
  },
  "vinery:cherry_pressure_plate": {
    "criteria": {
      "has_the_recipe": "2024-11-06 07:36:50 +0000"
    },
    "done": true
  },
  "vinery:loam": {
    "criteria": {
      "has_the_recipe": "2024-11-06 07:36:50 +0000"
    },
    "done": true
  },
  "vinery:cherry_fence": {
    "criteria": {
      "has_the_recipe": "2024-11-06 07:36:50 +0000"
    },
    "done": true
  },
  "vinery:basket": {
    "criteria": {
      "has_the_recipe": "2024-11-06 07:36:50 +0000"
    },
    "done": true
  },
  "enigmaticlegacy:recipes/generic/the_acknowledgment": {
    "criteria": {
      "has_iron_ingot": "2024-11-06 07:36:50 +0000"
    },
    "done": true
  },
  "vinery:straw_hat": {
    "criteria": {
      "has_the_recipe": "2024-11-06 07:36:50 +0000"
    },
    "done": true
  },
  "enigmaticlegacy:recipes/generic/iron_ring": {
    "criteria": {
      "has_iron_ingot": "2024-11-06 07:43:49 +0000"
    },
    "done": true
  },
  "comforts:sleeping_bag_black": {
    "criteria": {
      "has_the_recipe": "2024-11-06 07:36:50 +0000"
    },
    "done": true
  },
  "apotheosis:give_book": {
    "criteria": {
      "tick": "2024-11-06 07:36:51 +0000"
    },
    "done": true
  },
  "comforts:hammock_red_from_white": {
    "criteria": {
      "has_the_recipe": "2024-11-06 07:36:50 +0000"
    },
    "done": true
  },
  "comforts:hammock_yellow": {
    "criteria": {
      "has_the_recipe": "2024-11-06 07:36:50 +0000"
    },
    "done": true
  },
  "explorerscompass:explorers_compass_cobweb": {
    "criteria": {
      "has_recipe": "2024-11-06 07:36:50 +0000",
      "has_cobweb": "2024-11-06 07:36:50 +0000"
    },
    "done": true
  },
  "lootr:1chest": {
    "criteria": {
      "opened_chest": "2024-11-06 07:42:38 +0000"
    },
    "done": true
  },
  "enigmaticlegacy:recipes/generic/infernal_shield": {
    "criteria": {
      "has_parent_recipe": "2024-11-06 07:36:50 +0000"
    },
    "done": false
  },
  "comforts:hammock_pink_from_white": {
    "criteria": {
      "has_the_recipe": "2024-11-06 07:36:50 +0000"
    },
    "done": true
  },
  "vinery:oak_wine_rack_small": {
    "criteria": {
      "has_the_recipe": "2024-11-06 07:36:50 +0000"
    },
    "done": true
  },
  "apotheosis:affix/root": {
    "criteria": {
      "sword": "2024-11-06 07:36:51 +0000"
    },
    "done": true
  },
  "vinery:cherry_slab": {
    "criteria": {
      "has_the_recipe": "2024-11-06 07:36:50 +0000"
    },
    "done": true
  },
  "enigmaticlegacy:book/accessories/magnet_ring": {
    "criteria": {
      "has_the_recipe": "2024-11-06 07:45:31 +0000"
    },
    "done": true
  },
  "vinery:red_grape_crate": {
    "criteria": {
      "has_the_recipe": "2024-11-06 07:36:50 +0000"
    },
    "done": true
  },
  "vinery:dark_oak_wine_rack_big": {
    "criteria": {
      "has_the_recipe": "2024-11-06 07:36:50 +0000"
    },
    "done": true
  },
  "vinery:wine_box": {
    "criteria": {
      "has_the_recipe": "2024-11-06 07:36:50 +0000"
    },
    "done": true
  },
  "mutantmonsters:root": {
    "criteria": {
      "killed_by_something": "2024-11-06 07:41:52 +0000"
    },
    "done": true
  },
  "comforts:hammock_purple": {
    "criteria": {
      "has_the_recipe": "2024-11-06 07:36:50 +0000"
    },
    "done": true
  },
  "minecraft:husbandry/balanced_diet": {
    "criteria": {
      "golden_carrot": "2024-11-06 07:48:46 +0000"
    },
    "done": false
  },
  "vinery:grapevine_lattice": {
    "criteria": {
      "has_the_recipe": "2024-11-06 07:36:50 +0000"
    },
    "done": true
  },
  "vinery:cherry_trapdoor": {
    "criteria": {
      "has_the_recipe": "2024-11-06 07:36:50 +0000"
    },
    "done": true
  },
  "vinery:mangrove_wine_rack_small": {
    "criteria": {
      "has_the_recipe": "2024-11-06 07:36:50 +0000"
    },
    "done": true
  },
  "comforts:hammock_lime": {
    "criteria": {
      "has_the_recipe": "2024-11-06 07:36:50 +0000"
    },
    "done": true
  },
  "comforts:sleeping_bag_pink": {
    "criteria": {
      "has_the_recipe": "2024-11-06 07:36:50 +0000"
    },
    "done": true
  },
  "iter_rpg:iter_root": {
    "criteria": {
      "iter_root": "2024-11-06 07:36:50 +0000"
    },
    "done": true
  },
  "naturescompass:natures_compass_sapling": {
    "criteria": {
      "has_recipe": "2024-11-06 07:36:50 +0000"
    },
    "done": true
  },
  "vinery:birch_wine_rack_big": {
    "criteria": {
      "has_the_recipe": "2024-11-06 07:36:50 +0000"
    },
    "done": true
  },
  "comforts:sleeping_bag_light_blue_from_white": {
    "criteria": {
      "has_the_recipe": "2024-11-06 07:36:50 +0000"
    },
    "done": true
  },
  "incendium:technical/using/shield": {
    "criteria": {
      "log_spam_fixer": "2024-11-06 07:36:54 +0000"
    },
    "done": false
  },
  "dungeons_arise:find_mushroom_house": {
    "criteria": {
      "location0": "2024-11-06 07:41:19 +0000"
    },
    "done": true
  },
  "comforts:hammock_magenta": {
    "criteria": {
      "has_the_recipe": "2024-11-06 07:36:50 +0000"
    },
    "done": true
  },
  "vinery:fermentation_barrel": {
    "criteria": {
      "has_the_recipe": "2024-11-06 07:36:50 +0000"
    },
    "done": true
  },
  "minecraft:nether/get_wither_skull": {
    "criteria": {
      "wither_skull": "2024-11-06 08:02:42 +0000"
    },
    "done": true
  },
  "enigmaticlegacy:book/accessories/golden_ring": {
    "criteria": {
      "has_the_recipe": "2024-11-06 07:45:28 +0000"
    },
    "done": true
  },
  "comforts:sleeping_bag_red": {
    "criteria": {
      "has_the_recipe": "2024-11-06 07:36:50 +0000"
    },
    "done": true
  },
  "incendium:technical/using/trailblazer": {
    "criteria": {
      "log_spam_fixer": "2024-11-06 07:36:54 +0000"
    },
    "done": false
  },
  "enigmaticlegacy:recipes/generic/desolation_ring": {
    "criteria": {
      "has_parent_recipe": "2024-11-06 07:45:28 +0000"
    },
    "done": false
  },
  "takesapillage:root": {
    "criteria": {
      "always": "2024-11-06 07:36:51 +0000"
    },
    "done": true
  },
  "enigmaticlegacy:book/relics/cursed_ring": {
    "criteria": {
      "has_items": "2024-11-06 07:36:51 +0000"
    },
    "done": true
  },
  "incendium:technical/scroll_of_returning": {
    "criteria": {
      "log_spam_fixer": "2024-11-06 07:36:54 +0000"
    },
    "done": false
  },
  "minecraft:story/obtain_armor": {
    "criteria": {
      "iron_boots": "2024-11-06 07:42:42 +0000"
    },
    "done": true
  },
  "comforts:sleeping_bag_blue": {
    "criteria": {
      "has_the_recipe": "2024-11-06 07:36:50 +0000"
    },
    "done": true
  },
  "vinery:spruce_wine_rack_big": {
    "criteria": {
      "has_the_recipe": "2024-11-06 07:36:50 +0000"
    },
    "done": true
  },
  "minecraft:story/mine_stone": {
    "criteria": {
      "get_stone": "2024-11-06 07:40:25 +0000"
    },
    "done": true
  },
  "enigmaticlegacy:book/accessories/iron_ring": {
    "criteria": {
      "has_the_recipe": "2024-11-06 07:43:49 +0000"
    },
    "done": true
  },
  "undead_unleashed:shards_of_the_past": {
    "criteria": {
      "shards_of_the_past": "2024-11-06 07:56:49 +0000"
    },
    "done": true
  },
  "morevillagers:root": {
    "criteria": {
      "always": "2024-11-06 07:36:51 +0000"
    },
    "done": true
  },
  "minecraft:adventure/sleep_in_bed": {
    "criteria": {
      "slept_in_bed": "2024-11-06 08:31:28 +0000"
    },
    "done": true
  },
  "vinery:loam_stairs": {
    "criteria": {
      "has_the_recipe": "2024-11-06 07:36:50 +0000"
    },
    "done": true
  },
  "ars_nouveau:root": {
    "criteria": {
      "ars_nouveau:worn_notebook": "2024-11-06 07:36:50 +0000"
    },
    "done": true
  },
  "vinery:jungle_wine_rack_small": {
    "criteria": {
      "has_the_recipe": "2024-11-06 07:36:50 +0000"
    },
    "done": true
  },
  "minecraft:husbandry/root": {
    "criteria": {
      "consumed_item": "2024-11-06 07:48:46 +0000"
    },
    "done": true
  },
  "comforts:sleeping_bag_orange": {
    "criteria": {
      "has_the_recipe": "2024-11-06 07:36:50 +0000"
    },
    "done": true
  },
  "apotheosis:affix/chests": {
    "criteria": {
      "sword": "2024-11-06 07:42:58 +0000"
    },
    "done": true
  },
  "lootr:10loot": {
    "criteria": {
      "loot_stat": "2024-11-06 07:46:39 +0000"
    },
    "done": true
  },
  "incendium:technical/inventory/firestorm": {
    "criteria": {
      "log_spam_fixer": "2024-11-06 07:36:54 +0000"
    },
    "done": false
  },
  "majruszsdifficulty:creeperling": {
    "criteria": {
      "encountered_creeperling": "2024-11-06 08:12:43 +0000"
    },
    "done": true
  },
  "vinery:flower_box": {
    "criteria": {
      "has_the_recipe": "2024-11-06 07:36:50 +0000"
    },
    "done": true
  },
  "minecraft:adventure/root": {
    "criteria": {
      "killed_by_something": "2024-11-06 07:41:52 +0000"
    },
    "done": true
  },
  "apotheosis:affix/random": {
    "criteria": {
      "sword": "2024-11-06 08:15:04 +0000"
    },
    "done": true
  },
  "enigmaticlegacy:recipes/generic/ender_ring": {
    "criteria": {
      "has_parent_recipe": "2024-11-06 07:43:49 +0000"
    },
    "done": false
  },
  "comforts:hammock_red": {
    "criteria": {
      "has_the_recipe": "2024-11-06 07:36:50 +0000"
    },
    "done": true
  },
  "lootr:social": {
    "criteria": {
      "opened_barrel": "2024-11-06 07:41:19 +0000",
      "opened_chest": "2024-11-06 07:42:38 +0000"
    },
    "done": false
  },
  "vinery:cherry_door": {
    "criteria": {
      "has_the_recipe": "2024-11-06 07:36:50 +0000"
    },
    "done": true
  },
  "farmersdelight:main/root": {
    "criteria": {
      "seeds": "2024-11-06 07:36:50 +0000"
    },
    "done": true
  },
  "comforts:hammock_black_from_white": {
    "criteria": {
      "has_the_recipe": "2024-11-06 07:36:50 +0000"
    },
    "done": true
  },
  "vinery:wine_rack_3": {
    "criteria": {
      "has_the_recipe": "2024-11-06 07:36:50 +0000"
    },
    "done": true
  },
  "vinery:wine_rack_5": {
    "criteria": {
      "has_the_recipe": "2024-11-06 07:36:50 +0000"
    },
    "done": true
  },
  "comforts:hammock_gray_from_white": {
    "criteria": {
      "has_the_recipe": "2024-11-06 07:36:50 +0000"
    },
    "done": true
  },
  "vinery:white_grape_crate": {
    "criteria": {
      "has_the_recipe": "2024-11-06 07:36:50 +0000"
    },
    "done": true
  },
  "minecraft:adventure/kill_all_mobs": {
    "criteria": {
      "minecraft:skeleton": "2024-11-06 07:58:59 +0000",
      "minecraft:spider": "2024-11-06 08:11:14 +0000",
      "minecraft:creeper": "2024-11-06 07:58:48 +0000",
      "minecraft:silverfish": "2024-11-06 07:55:28 +0000",
      "minecraft:zombie": "2024-11-06 08:11:39 +0000"
    },
    "done": false
  },
  "minecraft:adventure/lightning_rod_with_villager_no_fire": {
    "criteria": {
      "lightning_rod_with_villager_no_fire": "2024-11-06 07:53:47 +0000"
    },
    "done": true
  },
  "incendium:technical/sentrys_wrath": {
    "criteria": {
      "log_spam_fixer": "2024-11-06 07:36:54 +0000"
    },
    "done": false
  },
  "vinery:shelf": {
    "criteria": {
      "has_the_recipe": "2024-11-06 07:36:50 +0000"
    },
    "done": true
  },
  "vinery:cherry_floorboard": {
    "criteria": {
      "has_the_recipe": "2024-11-06 07:36:50 +0000"
    },
    "done": true
  },
  "comforts:hammock_lime_from_white": {
    "criteria": {
      "has_the_recipe": "2024-11-06 07:36:50 +0000"
    },
    "done": true
  },
  "vinery:wine_rack_1": {
    "criteria": {
      "has_the_recipe": "2024-11-06 07:36:50 +0000"
    },
    "done": true
  },
  "apotheosis:affix/rare_gem": {
    "criteria": {
      "gem": "2024-11-06 08:02:10 +0000"
    },
    "done": true
  },
  "vinery:cherry_sign": {
    "criteria": {
      "has_the_recipe": "2024-11-06 07:36:50 +0000"
    },
    "done": true
  },
  "vinery:wine_rack_2": {
    "criteria": {
      "has_the_recipe": "2024-11-06 07:36:50 +0000"
    },
    "done": true
  },
  "comforts:hammock_orange_from_white": {
    "criteria": {
      "has_the_recipe": "2024-11-06 07:36:50 +0000"
    },
    "done": true
  },
  "morevillagers:all_workstations_get": {
    "criteria": {
      "barrel": "2024-11-06 07:53:51 +0000",
      "smoker": "2024-11-06 07:49:18 +0000"
    },
    "done": false
  },
  "toms_storage:unlock_chest": {
    "criteria": {
      "inv_changed-chest": "2024-11-06 07:36:50 +0000"
    },
    "done": true
  },
  "comforts:sleeping_bag_light_gray_from_white": {
    "criteria": {
      "has_the_recipe": "2024-11-06 07:36:50 +0000"
    },
    "done": true
  },
  "betterdeserttemples:root": {
    "criteria": {
      "always": "2024-11-06 07:36:51 +0000"
    },
    "done": true
  },
  "totw_modded:root": {
    "criteria": {
      "sample_trigger": "2024-11-06 07:36:50 +0000"
    },
    "done": true
  },
  "naturescompass:natures_compass_log": {
    "criteria": {
      "has_recipe": "2024-11-06 07:36:50 +0000"
    },
    "done": true
  },
  "incendium:technical/feed_ghastling": {
    "criteria": {
      "log_spam_fixer": "2024-11-06 07:36:54 +0000"
    },
    "done": false
  },
  "lootr:25loot": {
    "criteria": {
      "loot_stat": "2024-11-06 08:04:31 +0000"
    },
    "done": true
  },
  "minecraft:story/mine_diamond": {
    "criteria": {
      "diamond": "2024-11-06 07:45:31 +0000"
    },
    "done": true
  },
  "minecraft:story/upgrade_tools": {
    "criteria": {
      "stone_pickaxe": "2024-11-06 07:40:34 +0000"
    },
    "done": true
  },
  "vinery:wine_press": {
    "criteria": {
      "has_the_recipe": "2024-11-06 07:36:50 +0000"
    },
    "done": true
  },
  "comforts:hammock_blue": {
    "criteria": {
      "has_the_recipe": "2024-11-06 07:36:50 +0000"
    },
    "done": true
  },
  "comforts:hammock_gray": {
    "criteria": {
      "has_the_recipe": "2024-11-06 07:36:50 +0000"
    },
    "done": true
  },
  "lootr:1barrel": {
    "criteria": {
      "opened_barrel": "2024-11-06 07:41:19 +0000"
    },
    "done": true
  },
  "immersive_armors:recipes/misc/wooden": {
    "criteria": {
      "has_item": "2024-11-06 07:39:41 +0000"
    },
    "done": true
  },
  "incendium:technical/on_inventory_change": {
    "criteria": {
      "log_spam_fixer": "2024-11-06 07:36:54 +0000"
    },
    "done": false
  },
  "enigmaticlegacy:recipes/generic/the_twist": {
    "criteria": {
      "has_parent_recipe": "2024-11-06 07:36:50 +0000"
    },
    "done": false
  },
  "majruszsdifficulty:game_stage_normal": {
    "criteria": {
      "is_triggered": "2024-11-06 07:36:51 +0000"
    },
    "done": true
  },
  "vinery:flower_pot": {
    "criteria": {
      "has_the_recipe": "2024-11-06 07:36:50 +0000"
    },
    "done": true
  },
  "vinery:cherry_chest_boat": {
    "criteria": {
      "has_the_recipe": "2024-11-06 07:36:50 +0000"
    },
    "done": true
  },
  "comforts:hammock_white": {
    "criteria": {
      "has_the_recipe": "2024-11-06 07:36:50 +0000"
    },
    "done": true
  },
  "comforts:sleeping_bag_green_from_white": {
    "criteria": {
      "has_the_recipe": "2024-11-06 07:36:50 +0000"
    },
    "done": true
  },
  "vinery:spruce_wine_rack_small": {
    "criteria": {
      "has_the_recipe": "2024-11-06 07:36:50 +0000"
    },
    "done": true
  },
  "comforts:sleeping_bag_black_from_white": {
    "criteria": {
      "has_the_recipe": "2024-11-06 07:36:50 +0000"
    },
    "done": true
  },
  "vinery:grapevine_stem": {
    "criteria": {
      "has_the_recipe": "2024-11-06 07:36:50 +0000"
    },
    "done": true
  },
  "comforts:hammock_light_blue_from_white": {
    "criteria": {
      "has_the_recipe": "2024-11-06 07:36:50 +0000"
    },
    "done": true
  },
  "vinery:stackable_log": {
    "criteria": {
      "has_the_recipe": "2024-11-06 07:36:50 +0000"
    },
    "done": true
  },
  "vinery:vinemaker_boots": {
    "criteria": {
      "has_the_recipe": "2024-11-06 07:36:50 +0000"
    },
    "done": true
  },
  "aquamirae:adventure/root": {
    "criteria": {
      "crafting_table": "2024-11-06 07:39:55 +0000"
    },
    "done": true
  },
  "simplyswords:grant_book_on_first_join": {
    "criteria": {
      "tick": "2024-11-06 07:36:51 +0000"
    },
    "done": true
  },
  "toms_storage:unlock_netherite": {
    "criteria": {
      "inv_changed-netherite": "2024-11-06 07:36:50 +0000"
    },
    "done": true
  },
  "vinery:dirt_slab": {
    "criteria": {
      "has_the_recipe": "2024-11-06 07:36:50 +0000"
    },
    "done": true
  },
  "incendium:technical/inventory/sentrys_wrath": {
    "criteria": {
      "log_spam_fixer": "2024-11-06 07:36:54 +0000"
    },
    "done": false
  },
  "vinery:cherry_stairs": {
    "criteria": {
      "has_the_recipe": "2024-11-06 07:36:50 +0000"
    },
    "done": true
  },
  "vinery:grass_slab": {
    "criteria": {
      "has_the_recipe": "2024-11-06 07:36:50 +0000"
    },
    "done": true
  },
  "mowziesmobs:root": {
    "criteria": {
      "custom_test_name": "2024-11-06 07:36:51 +0000"
    },
    "done": true
  },
  "comforts:hammock_cyan": {
    "criteria": {
      "has_the_recipe": "2024-11-06 07:36:50 +0000"
    },
    "done": true
  },
  "comforts:sleeping_bag_purple": {
    "criteria": {
      "has_the_recipe": "2024-11-06 07:36:50 +0000"
    },
    "done": true
  },
  "comforts:sleeping_bag_purple_from_white": {
    "criteria": {
      "has_the_recipe": "2024-11-06 07:36:50 +0000"
    },
    "done": true
  },
  "enigmaticlegacy:recipes/generic/golden_ring": {
    "criteria": {
      "has_parent_recipe": "2024-11-06 07:43:49 +0000",
      "has_items": "2024-11-06 07:45:28 +0000"
    },
    "done": true
  },
  "cataclysm:root": {
    "criteria": {
      "custom_test_name": "2024-11-06 07:36:51 +0000"
    },
    "done": true
  },
  "comforts:sleeping_bag_yellow": {
    "criteria": {
      "has_the_recipe": "2024-11-06 07:36:50 +0000"
    },
    "done": true
  },
  "immersive_armors:recipes/misc/bone": {
    "criteria": {
      "has_item": "2024-11-06 08:04:17 +0000"
    },
    "done": true
  },
  "irons_spellbooks:grant_patchouli": {
    "criteria": {
      "tick": "2024-11-06 07:36:51 +0000"
    },
    "done": true
  },
  "comforts:hammock_light_gray": {
    "criteria": {
      "has_the_recipe": "2024-11-06 07:36:50 +0000"
    },
    "done": true
  },
  "vinery:acacia_wine_rack_small": {
    "criteria": {
      "has_the_recipe": "2024-11-06 07:36:50 +0000"
    },
    "done": true
  },
  "comforts:sleeping_bag_orange_from_white": {
    "criteria": {
      "has_the_recipe": "2024-11-06 07:36:50 +0000"
    },
    "done": true
  },
  "comforts:hammock_yellow_from_white": {
    "criteria": {
      "has_the_recipe": "2024-11-06 07:36:50 +0000"
    },
    "done": true
  },
  "vinery:cherry_boat": {
    "criteria": {
      "has_the_recipe": "2024-11-06 07:36:50 +0000"
    },
    "done": true
  },
  "royalvariations:royal_variations_achievement": {
    "criteria": {
      "royal_variations_achievement": "2024-11-06 08:12:46 +0000"
    },
    "done": true
  },
  "enigmaticlegacy:recipes/generic/super_magnet_ring": {
    "criteria": {
      "has_parent_recipe": "2024-11-06 07:45:31 +0000"
    },
    "done": false
  },
  "royalvariations:rotten_king": {
    "criteria": {
      "rotten_king": "2024-11-06 08:12:46 +0000"
    },
    "done": true
  },
  "comforts:sleeping_bag_blue_from_white": {
    "criteria": {
      "has_the_recipe": "2024-11-06 07:36:50 +0000"
    },
    "done": true
  },
  "vinery:mangrove_wine_rack_big": {
    "criteria": {
      "has_the_recipe": "2024-11-06 07:36:50 +0000"
    },
    "done": true
  },
  "enigmaticlegacy:book/relics/enigmatic_amulet": {
    "criteria": {
      "has_items": "2024-11-06 07:36:51 +0000"
    },
    "done": true
  },
  "vinery:wine_bottle": {
    "criteria": {
      "has_the_recipe": "2024-11-06 07:36:50 +0000"
    },
    "done": true
  },
  "apotheosis:affix/gem": {
    "criteria": {
      "gem": "2024-11-06 07:57:29 +0000"
    },
    "done": true
  },
  "comforts:sleeping_bag_green": {
    "criteria": {
      "has_the_recipe": "2024-11-06 07:36:50 +0000"
    },
    "done": true
  },
  "comforts:sleeping_bag_brown_from_white": {
    "criteria": {
      "has_the_recipe": "2024-11-06 07:36:50 +0000"
    },
    "done": true
  },
  "minecraft:story/iron_tools": {
    "criteria": {
      "iron_pickaxe": "2024-11-06 07:45:29 +0000"
    },
    "done": true
  },
  "comforts:sleeping_bag_white": {
    "criteria": {
      "has_the_recipe": "2024-11-06 07:36:50 +0000"
    },
    "done": true
  },
  "comforts:hammock_light_gray_from_white": {
    "criteria": {
      "has_the_recipe": "2024-11-06 07:36:50 +0000"
    },
    "done": true
  },
  "comforts:sleeping_bag_brown": {
    "criteria": {
      "has_the_recipe": "2024-11-06 07:36:50 +0000"
    },
    "done": true
  },
  "comforts:sleeping_bag_gray": {
    "criteria": {
      "has_the_recipe": "2024-11-06 07:36:50 +0000"
    },
    "done": true
  },
  "minecraft:story/root": {
    "criteria": {
      "crafting_table": "2024-11-06 07:39:55 +0000"
    },
    "done": true
  },
  "comforts:hammock_light_blue": {
    "criteria": {
      "has_the_recipe": "2024-11-06 07:36:50 +0000"
    },
    "done": true
  },
  "minecraft:story/form_obsidian": {
    "criteria": {
      "obsidian": "2024-11-06 07:45:48 +0000"
    },
    "done": true
  },
  "comforts:rope_and_nail": {
    "criteria": {
      "has_the_recipe": "2024-11-06 07:36:50 +0000"
    },
    "done": true
  },
  "vinery:acacia_wine_rack_big": {
    "criteria": {
      "has_the_recipe": "2024-11-06 07:36:50 +0000"
    },
    "done": true
  },
  "vinery:jungle_wine_rack_big": {
    "criteria": {
      "has_the_recipe": "2024-11-06 07:36:50 +0000"
    },
    "done": true
  },
  "vinery:loam_slab": {
    "criteria": {
      "has_the_recipe": "2024-11-06 07:36:50 +0000"
    },
    "done": true
  },
  "vinery:cherry_planks": {
    "criteria": {
      "has_the_recipe": "2024-11-06 07:36:50 +0000"
    },
    "done": true
  },
  "betterdungeons:root": {
    "criteria": {
      "always": "2024-11-06 07:36:51 +0000"
    },
    "done": true
  },
  "vinery:stripped_cherry_wood": {
    "criteria": {
      "has_the_recipe": "2024-11-06 07:36:50 +0000"
    },
    "done": true
  },
  "knightquest:knightquest": {
    "criteria": {
      "requirement": "2024-11-06 08:13:39 +0000"
    },
    "done": true
  },
  "explorerscompass:explorers_compass_cracked_stone_bricks": {
    "criteria": {
      "has_cracked_stone_bricks": "2024-11-06 07:36:50 +0000"
    },
    "done": true
  },
  "comforts:sleeping_bag_red_from_white": {
    "criteria": {
      "has_the_recipe": "2024-11-06 07:36:50 +0000"
    },
    "done": true
  },
  "lootr:root": {
    "criteria": {
      "always_true": "2024-11-06 07:36:51 +0000"
    },
    "done": true
  },
  "minecraft:adventure/kill_a_mob": {
    "criteria": {
      "minecraft:silverfish": "2024-11-06 07:55:28 +0000"
    },
    "done": true
  },
  "incendium:technical/multiplex_crossbow": {
    "criteria": {
      "log_spam_fixer": "2024-11-06 07:36:54 +0000"
    },
    "done": false
  },
  "comforts:sleeping_bag_magenta_from_white": {
    "criteria": {
      "has_the_recipe": "2024-11-06 07:36:50 +0000"
    },
    "done": true
  },
  "byg:root": {
    "criteria": {
      "tick": "2024-11-06 07:36:51 +0000"
    },
    "done": true
  },
  "comforts:hammock_magenta_from_white": {
    "criteria": {
      "has_the_recipe": "2024-11-06 07:36:50 +0000"
    },
    "done": true
  },
  "byg:adventure/oh_the_biomes_youll_go": {
    "criteria": {
      "byg:rainbow_beach": "2024-11-06 07:38:53 +0000",
      "byg:fragment_forest": "2024-11-06 07:36:54 +0000",
      "byg:aspen_forest": "2024-11-06 08:41:44 +0000",
      "byg:basalt_barrera": "2024-11-06 08:47:38 +0000",
      "byg:temperate_rainforest": "2024-11-06 08:40:01 +0000"
    },
    "done": false
  },
  "comforts:hammock_brown_from_white": {
    "criteria": {
      "has_the_recipe": "2024-11-06 07:36:50 +0000"
    },
    "done": true
  },
  "toms_storage:unlock_glowstone": {
    "criteria": {
      "inv_changed-glowstone": "2024-11-06 07:36:50 +0000"
    },
    "done": true
  },
  "incendium:technical/firestorm": {
    "criteria": {
      "log_spam_fixer": "2024-11-06 07:36:54 +0000"
    },
    "done": false
  },
  "vinery:vinemaker_apron": {
    "criteria": {
      "has_the_recipe": "2024-11-06 07:36:50 +0000"
    },
    "done": true
  },
  "byg:husbandry/root": {
    "criteria": {
      "consumed_item": "2024-11-06 07:48:46 +0000"
    },
    "done": true
  },
  "minecraft:adventure/adventuring_time": {
    "criteria": {
      "atmospheric:rainforest_basin": "2024-11-06 07:52:30 +0000",
      "atmospheric:rainforest": "2024-11-06 08:40:28 +0000",
      "minecraft:birch_forest": "2024-11-06 08:21:22 +0000",
      "minecraft:bamboo_jungle": "2024-11-06 08:17:47 +0000",
      "minecraft:beach": "2024-11-06 08:21:18 +0000",
      "minecraft:dark_forest": "2024-11-06 08:36:13 +0000",
      "minecraft:lukewarm_ocean": "2024-11-06 07:42:18 +0000",
      "minecraft:river": "2024-11-06 08:17:46 +0000",
      "atmospheric:aspen_parkland": "2024-11-06 08:39:58 +0000",
      "minecraft:forest": "2024-11-06 08:19:10 +0000",
      "minecraft:jungle": "2024-11-06 08:21:12 +0000",
      "minecraft:ocean": "2024-11-06 08:24:18 +0000",
      "minecraft:old_growth_birch_forest": "2024-11-06 08:46:11 +0000",
      "atmospheric:laurel_forest": "2024-11-06 08:41:35 +0000"
    },
    "done": false
  },
  "comforts:hammock_blue_from_white": {
    "criteria": {
      "has_the_recipe": "2024-11-06 07:36:50 +0000"
    },
    "done": true
  },
  "comforts:sleeping_bag_gray_from_white": {
    "criteria": {
      "has_the_recipe": "2024-11-06 07:36:50 +0000"
    },
    "done": true
  },
  "undead_unleashed:undead_unleashed": {
    "criteria": {
      "undead_unleashed": "2024-11-06 07:36:49 +0000"
    },
    "done": true
  },
  "incendium:technical/using/ragnarok": {
    "criteria": {
      "log_spam_fixer": "2024-11-06 07:36:54 +0000"
    },
    "done": false
  },
  "comforts:sleeping_bag_cyan": {
    "criteria": {
      "has_the_recipe": "2024-11-06 07:36:50 +0000"
    },
    "done": true
  },
  "dungeons_plus:adventure/find_tower": {
    "criteria": {
      "in_structure": "2024-11-06 08:26:05 +0000"
    },
    "done": true
  },
  "toms_storage:unlock_dia_pearl": {
    "criteria": {
      "inv_changed-ender_pearl": "2024-11-06 07:36:50 +0000",
      "inv_changed-diamond": "2024-11-06 07:36:50 +0000"
    },
    "done": true
  },
  "incendium:technical/new_player": {
    "criteria": {
      "requirement": "2024-11-06 07:36:51 +0000"
    },
    "done": true
  },
  "comforts:hammock_purple_from_white": {
    "criteria": {
      "has_the_recipe": "2024-11-06 07:36:50 +0000"
    },
    "done": true
  },
  "vinery:oak_wine_rack_big": {
    "criteria": {
      "has_the_recipe": "2024-11-06 07:36:50 +0000"
    },
    "done": true
  },
  "incendium:technical/holy_wrath": {
    "criteria": {
      "log_spam_fixer": "2024-11-06 07:36:54 +0000"
    },
    "done": false
  },
  "explorerscompass:explorers_compass": {
    "criteria": {
      "has_recipe": "2024-11-06 07:36:50 +0000",
      "has_compass": "2024-11-06 07:36:50 +0000"
    },
    "done": true
  },
  "ironfurnaces:coal": {
    "criteria": {
      "rainbowcoal": "2024-11-06 07:36:50 +0000"
    },
    "done": true
  },
  "comforts:sleeping_bag_pink_from_white": {
    "criteria": {
      "has_the_recipe": "2024-11-06 07:36:50 +0000"
    },
    "done": true
  },
  "incendium:technical/give_ghastling": {
    "criteria": {
      "log_spam_fixer": "2024-11-06 07:36:54 +0000"
    },
    "done": false
  },
  "comforts:sleeping_bag_yellow_from_white": {
    "criteria": {
      "has_the_recipe": "2024-11-06 07:36:50 +0000"
    },
    "done": true
  },
  "incendium:technical/on_kill": {
    "criteria": {
      "log_spam_fixer": "2024-11-06 07:36:54 +0000"
    },
    "done": false
  },
  "vinery:cherry_wood": {
    "criteria": {
      "has_the_recipe": "2024-11-06 07:36:50 +0000"
    },
    "done": true
  },
  "incendium:technical/on_player_hurt": {
    "criteria": {
      "requirement": "2024-11-06 07:41:41 +0000",
      "log_spam_fixer": "2024-11-06 07:36:54 +0000"
    },
    "done": true
  },
  "enigmaticlegacy:book/misc/animal_guidebook": {
    "criteria": {
      "has_the_recipe": "2024-11-06 07:48:54 +0000"
    },
    "done": true
  },
  "vinery:cherry_button": {
    "criteria": {
      "has_the_recipe": "2024-11-06 07:36:50 +0000"
    },
    "done": true
  },
  "dungeons_arise:wda_root": {
    "criteria": {
      "WDA": "2024-11-06 07:36:51 +0000"
    },
    "done": true
  },
  "vinery:coarse_dirt_slab": {
    "criteria": {
      "has_the_recipe": "2024-11-06 07:36:50 +0000"
    },
    "done": true
  },
  "vinery:campfire": {
    "criteria": {
      "has_the_recipe": "2024-11-06 07:36:50 +0000"
    },
    "done": true
  },
  "comforts:hammock_green_from_white": {
    "criteria": {
      "has_the_recipe": "2024-11-06 07:36:50 +0000"
    },
    "done": true
  },
  "comforts:hammock_orange": {
    "criteria": {
      "has_the_recipe": "2024-11-06 07:36:50 +0000"
    },
    "done": true
  },
  "lootr:50loot": {
    "criteria": {
      "loot_stat": "2024-11-06 08:28:40 +0000"
    },
    "done": true
  },
  "comforts:hammock_pink": {
    "criteria": {
      "has_the_recipe": "2024-11-06 07:36:50 +0000"
    },
    "done": true
  },
  "comforts:sleeping_bag_magenta": {
    "criteria": {
      "has_the_recipe": "2024-11-06 07:36:50 +0000"
    },
    "done": true
  },
  "comforts:sleeping_bag_cyan_from_white": {
    "criteria": {
      "has_the_recipe": "2024-11-06 07:36:50 +0000"
    },
    "done": true
  },
  "vinery:grapevine_pot": {
    "criteria": {
      "has_the_recipe": "2024-11-06 07:36:50 +0000"
    },
    "done": true
  },
  "comforts:hammock_brown": {
    "criteria": {
      "has_the_recipe": "2024-11-06 07:36:50 +0000"
    },
    "done": true
  },
  "enigmaticlegacy:recipes/generic/animal_guidebook": {
    "criteria": {
      "has_items": "2024-11-06 07:48:54 +0000"
    },
    "done": true
  },
  "enigmaticlegacy:main/root": {
    "criteria": {
      "flower": "2024-11-06 07:36:51 +0000"
    },
    "done": true
  },
  "immersive_armors:recipes/misc/warrior": {
    "criteria": {
      "has_item": "2024-11-06 07:55:18 +0000"
    },
    "done": true
  },
  "minecraft:story/smelt_iron": {
    "criteria": {
      "iron": "2024-11-06 07:43:49 +0000"
    },
    "done": true
  },
  "comforts:hammock_green": {
    "criteria": {
      "has_the_recipe": "2024-11-06 07:36:50 +0000"
    },
    "done": true
  },
  "meetyourfight:main/root": {
    "criteria": {
      "killed_by_something": "2024-11-06 07:41:52 +0000"
    },
    "done": true
  },
  "morevillagers:first_workstation_get": {
    "criteria": {
      "smoker": "2024-11-06 07:49:18 +0000"
    },
    "done": true
  },
  "majruszsaccessories:adventurer_kit": {
    "criteria": {
      "picked_up_accessory": "2024-11-06 08:24:40 +0000"
    },
    "done": true
  },
  "repurposed_structures:root": {
    "criteria": {
      "always": "2024-11-06 07:36:51 +0000"
    },
    "done": true
  },
  "vinery:cherry_fence_gate": {
    "criteria": {
      "has_the_recipe": "2024-11-06 07:36:50 +0000"
    },
    "done": true
  },
  "DataVersion": 3120
}